FL_PREDICTED,Danger Level
30.21796008,Yellow (Monitor)
39.96848312,Yellow (Monitor)
17.4069553,Yellow (Monitor)
37.4933467,Yellow (Monitor)
3.62913805,Yellow (Monitor)
8.313106292,Yellow (Monitor)
23.0634807,Yellow (Monitor)
44.42901354,Yellow (Monitor)
27.88129461,Yellow (Monitor)
7.080320484,Yellow (Monitor)
43.93566359,Yellow (Monitor)
0.675920461,Yellow (Monitor)
44.92293697,Yellow (Monitor)
35.28015962,Yellow (Monitor)
10.32082974,Yellow (Monitor)
28.15697134,Yellow (Monitor)
35.94674752,Yellow (Monitor)
26.41526829,Yellow (Monitor)
4.368537015,Yellow (Monitor)
20.64566192,Yellow (Monitor)
57.60373817,Yellow (Monitor)
12.38929142,Yellow (Monitor)
54.81762401,Yellow (Monitor)
12.03580589,Yellow (Monitor)
28.39032873,Yellow (Monitor)
24.69224929,Yellow (Monitor)
13.206907,Yellow (Monitor)
54.6075538,Yellow (Monitor)
25.81865409,Yellow (Monitor)
1.867799242,Yellow (Monitor)
8.002096819,Yellow (Monitor)
17.6954343,Yellow (Monitor)
0.827923301,Yellow (Monitor)
54.09911884,Yellow (Monitor)
8.307283747,Yellow (Monitor)
22.65769774,Yellow (Monitor)
24.72524314,Yellow (Monitor)
47.56364987,Yellow (Monitor)
43.96107717,Yellow (Monitor)
43.58941677,Yellow (Monitor)
13.85610252,Yellow (Monitor)
58.96931901,Yellow (Monitor)
48.47277741,Yellow (Monitor)
33.68283709,Yellow (Monitor)
48.1603873,Yellow (Monitor)
13.6523522,Yellow (Monitor)
54.79924533,Yellow (Monitor)
26.24694194,Yellow (Monitor)
5.497465427,Yellow (Monitor)
10.11352532,Yellow (Monitor)
52.33505172,Yellow (Monitor)
32.67587367,Yellow (Monitor)
53.68662407,Yellow (Monitor)
30.27014651,Yellow (Monitor)
56.59349457,Yellow (Monitor)
16.23748004,Yellow (Monitor)
43.33592459,Yellow (Monitor)
22.59043369,Yellow (Monitor)
57.62266026,Yellow (Monitor)
7.76724625,Yellow (Monitor)
22.66966848,Yellow (Monitor)
15.26843935,Yellow (Monitor)
42.82851821,Yellow (Monitor)
24.35592699,Yellow (Monitor)
47.67626513,Yellow (Monitor)
3.839832559,Yellow (Monitor)
29.03909281,Yellow (Monitor)
59.93828272,Yellow (Monitor)
35.21086157,Yellow (Monitor)
46.09557598,Yellow (Monitor)
17.72111207,Yellow (Monitor)
33.35896921,Yellow (Monitor)
30.72714183,Yellow (Monitor)
28.42515782,Yellow (Monitor)
42.4011672,Yellow (Monitor)
19.8777875,Yellow (Monitor)
55.95829356,Yellow (Monitor)
36.20093832,Yellow (Monitor)
35.99672409,Yellow (Monitor)
5.661108106,Yellow (Monitor)
28.97595896,Yellow (Monitor)
50.7482042,Yellow (Monitor)
31.78716529,Yellow (Monitor)
25.92431281,Yellow (Monitor)
34.11235535,Yellow (Monitor)
0.873210315,Yellow (Monitor)
24.57325641,Yellow (Monitor)
18.03284839,Yellow (Monitor)
5.431345145,Yellow (Monitor)
23.4263786,Yellow (Monitor)
29.63106662,Yellow (Monitor)
56.58252707,Yellow (Monitor)
14.06830209,Yellow (Monitor)
29.31413007,Yellow (Monitor)
38.12468163,Yellow (Monitor)
8.963882178,Yellow (Monitor)
22.0126567,Yellow (Monitor)
22.61727592,Yellow (Monitor)
15.11147988,Yellow (Monitor)
12.28466285,Yellow (Monitor)
30.1937043,Yellow (Monitor)
33.2000261,Yellow (Monitor)
59.22559855,Yellow (Monitor)
9.235494308,Yellow (Monitor)
45.05057337,Yellow (Monitor)
37.82252929,Yellow (Monitor)
39.02736426,Yellow (Monitor)
13.39193722,Yellow (Monitor)
2.820912079,Yellow (Monitor)
14.18514696,Yellow (Monitor)
36.92044571,Yellow (Monitor)
26.17018414,Yellow (Monitor)
23.71606445,Yellow (Monitor)
43.39625243,Yellow (Monitor)
52.04815811,Yellow (Monitor)
57.93694502,Yellow (Monitor)
5.477820348,Yellow (Monitor)
2.36505639,Yellow (Monitor)
18.99797075,Yellow (Monitor)
32.93734885,Yellow (Monitor)
57.48905256,Yellow (Monitor)
24.45394513,Yellow (Monitor)
3.022264435,Yellow (Monitor)
5.395144626,Yellow (Monitor)
43.7279443,Yellow (Monitor)
52.49805306,Yellow (Monitor)
1.166161968,Yellow (Monitor)
24.14806999,Yellow (Monitor)
0.969641869,Yellow (Monitor)
32.63944025,Yellow (Monitor)
40.18240089,Yellow (Monitor)
26.74015162,Yellow (Monitor)
27.10480077,Yellow (Monitor)
35.23792165,Yellow (Monitor)
35.37944613,Yellow (Monitor)
52.2610209,Yellow (Monitor)
51.89713515,Yellow (Monitor)
5.529911638,Yellow (Monitor)
60.27451009,Yellow (Monitor)
20.84617991,Yellow (Monitor)
42.92075527,Yellow (Monitor)
60.86398004,Yellow (Monitor)
26.06410725,Yellow (Monitor)
31.00079801,Yellow (Monitor)
52.86989676,Yellow (Monitor)
47.5017635,Yellow (Monitor)
2.647301936,Yellow (Monitor)
21.2068879,Yellow (Monitor)
58.40706915,Yellow (Monitor)
21.08600245,Yellow (Monitor)
34.91663435,Yellow (Monitor)
15.36729515,Yellow (Monitor)
4.614709519,Yellow (Monitor)
22.08017415,Yellow (Monitor)
13.24115041,Yellow (Monitor)
9.745938175,Yellow (Monitor)
40.76401557,Yellow (Monitor)
17.60821357,Yellow (Monitor)
16.60885756,Yellow (Monitor)
57.71429127,Yellow (Monitor)
15.31859368,Yellow (Monitor)
28.06421145,Yellow (Monitor)
46.51618957,Yellow (Monitor)
16.33814009,Yellow (Monitor)
15.94623754,Yellow (Monitor)
12.59721287,Yellow (Monitor)
58.09476877,Yellow (Monitor)
53.29989769,Yellow (Monitor)
30.28281866,Yellow (Monitor)
39.42074151,Yellow (Monitor)
0.885423698,Yellow (Monitor)
14.16538228,Yellow (Monitor)
24.33660273,Yellow (Monitor)
18.26556184,Yellow (Monitor)
16.30161449,Yellow (Monitor)
6.723605513,Yellow (Monitor)
58.68736687,Yellow (Monitor)
53.74462132,Yellow (Monitor)
31.82332169,Yellow (Monitor)
0.758181723,Yellow (Monitor)
25.04151077,Yellow (Monitor)
35.92604121,Yellow (Monitor)
0.551510594,Yellow (Monitor)
0.695529957,Yellow (Monitor)
20.37772482,Yellow (Monitor)
55.09066278,Yellow (Monitor)
59.13852564,Yellow (Monitor)
17.703022,Yellow (Monitor)
23.73400355,Yellow (Monitor)
34.17325787,Yellow (Monitor)
26.66451024,Yellow (Monitor)
0.736085489,Yellow (Monitor)
10.85595024,Yellow (Monitor)
25.07490725,Yellow (Monitor)
10.97098858,Yellow (Monitor)
60.64949632,Yellow (Monitor)
9.359953357,Yellow (Monitor)
6.378834582,Yellow (Monitor)
51.72276779,Yellow (Monitor)
12.09911537,Yellow (Monitor)
49.68461754,Yellow (Monitor)
6.360190529,Yellow (Monitor)
26.83389971,Yellow (Monitor)
46.10236429,Yellow (Monitor)
54.34712697,Yellow (Monitor)
51.79498259,Yellow (Monitor)
0.561230252,Yellow (Monitor)
52.52511933,Yellow (Monitor)
58.93883299,Yellow (Monitor)
11.2143875,Yellow (Monitor)
32.85328938,Yellow (Monitor)
20.9298881,Yellow (Monitor)
22.08111296,Yellow (Monitor)
6.21283017,Yellow (Monitor)
24.25193454,Yellow (Monitor)
35.42757257,Yellow (Monitor)
42.5104672,Yellow (Monitor)
53.08013221,Yellow (Monitor)
33.11983222,Yellow (Monitor)
7.572381189,Yellow (Monitor)
22.03751539,Yellow (Monitor)
37.80543899,Yellow (Monitor)
20.80198188,Yellow (Monitor)
16.88031317,Yellow (Monitor)
4.58703551,Yellow (Monitor)
29.05968171,Yellow (Monitor)
7.771101548,Yellow (Monitor)
10.90729569,Yellow (Monitor)
18.27748146,Yellow (Monitor)
20.08343344,Yellow (Monitor)
57.93271894,Yellow (Monitor)
0.240230563,Yellow (Monitor)
24.03281031,Yellow (Monitor)
55.69417475,Yellow (Monitor)
59.86083224,Yellow (Monitor)
13.66630991,Yellow (Monitor)
27.73932836,Yellow (Monitor)
56.25952615,Yellow (Monitor)
57.49493883,Yellow (Monitor)
42.19412994,Yellow (Monitor)
40.59421083,Yellow (Monitor)
35.46358767,Yellow (Monitor)
18.60287626,Yellow (Monitor)
20.98182702,Yellow (Monitor)
35.90438098,Yellow (Monitor)
60.98729638,Yellow (Monitor)
26.35751469,Yellow (Monitor)
34.62648223,Yellow (Monitor)
3.814620614,Yellow (Monitor)
46.87633578,Yellow (Monitor)
29.64162872,Yellow (Monitor)
51.09705867,Yellow (Monitor)
14.71477559,Yellow (Monitor)
15.70015931,Yellow (Monitor)
18.19747403,Yellow (Monitor)
38.62988314,Yellow (Monitor)
26.42578462,Yellow (Monitor)
24.57300513,Yellow (Monitor)
49.96066238,Yellow (Monitor)
35.7373605,Yellow (Monitor)
23.63460712,Yellow (Monitor)
47.62112516,Yellow (Monitor)
57.30348869,Yellow (Monitor)
18.90076278,Yellow (Monitor)
3.838955543,Yellow (Monitor)
3.820530198,Yellow (Monitor)
32.73244855,Yellow (Monitor)
30.13978698,Yellow (Monitor)
9.501454539,Yellow (Monitor)
37.88030105,Yellow (Monitor)
43.9978833,Yellow (Monitor)
3.419846311,Yellow (Monitor)
28.99637759,Yellow (Monitor)
7.250042682,Yellow (Monitor)
5.214256249,Yellow (Monitor)
10.43555541,Yellow (Monitor)
2.416712154,Yellow (Monitor)
1.884078032,Yellow (Monitor)
17.52099723,Yellow (Monitor)
59.51370867,Yellow (Monitor)
6.734172656,Yellow (Monitor)
52.38953881,Yellow (Monitor)
29.83475952,Yellow (Monitor)
23.940902,Yellow (Monitor)
47.97527048,Yellow (Monitor)
23.01517507,Yellow (Monitor)
37.66434343,Yellow (Monitor)
51.36611656,Yellow (Monitor)
4.212406894,Yellow (Monitor)
15.44075583,Yellow (Monitor)
46.99509378,Yellow (Monitor)
47.86850771,Yellow (Monitor)
21.20069742,Yellow (Monitor)
40.47468823,Yellow (Monitor)
12.48913553,Yellow (Monitor)
48.42563522,Yellow (Monitor)
46.06277245,Yellow (Monitor)
8.138308468,Yellow (Monitor)
59.99433495,Yellow (Monitor)
49.73043177,Yellow (Monitor)
50.78413352,Yellow (Monitor)
2.627455159,Yellow (Monitor)
14.58963997,Yellow (Monitor)
8.93924683,Yellow (Monitor)
20.82772987,Yellow (Monitor)
39.91965918,Yellow (Monitor)
24.70157465,Yellow (Monitor)
16.91494189,Yellow (Monitor)
15.3073622,Yellow (Monitor)
20.90368535,Yellow (Monitor)
12.15213306,Yellow (Monitor)
27.32372173,Yellow (Monitor)
48.34339283,Yellow (Monitor)
30.66007919,Yellow (Monitor)
0.587651463,Yellow (Monitor)
44.16337901,Yellow (Monitor)
20.79525457,Yellow (Monitor)
39.01614885,Yellow (Monitor)
4.538877215,Yellow (Monitor)
51.7481121,Yellow (Monitor)
45.07607443,Yellow (Monitor)
35.45324936,Yellow (Monitor)
53.78369528,Yellow (Monitor)
22.85793124,Yellow (Monitor)
40.37187454,Yellow (Monitor)
56.24540374,Yellow (Monitor)
14.01529878,Yellow (Monitor)
19.05065181,Yellow (Monitor)
1.24236574,Yellow (Monitor)
37.69217501,Yellow (Monitor)
48.50027771,Yellow (Monitor)
39.45272543,Yellow (Monitor)
23.11775138,Yellow (Monitor)
57.18852537,Yellow (Monitor)
45.63255931,Yellow (Monitor)
15.36280062,Yellow (Monitor)
47.59951734,Yellow (Monitor)
51.80252601,Yellow (Monitor)
42.98880974,Yellow (Monitor)
18.39582633,Yellow (Monitor)
27.06940818,Yellow (Monitor)
1.754421884,Yellow (Monitor)
7.511331341,Yellow (Monitor)
32.46068941,Yellow (Monitor)
2.80376318,Yellow (Monitor)
10.62327093,Yellow (Monitor)
21.49621196,Yellow (Monitor)
30.20720635,Yellow (Monitor)
49.81150548,Yellow (Monitor)
3.240144324,Yellow (Monitor)
58.86967293,Yellow (Monitor)
26.24400083,Yellow (Monitor)
26.83689533,Yellow (Monitor)
27.17728606,Yellow (Monitor)
25.56179623,Yellow (Monitor)
5.593793684,Yellow (Monitor)
30.56423665,Yellow (Monitor)
58.41866044,Yellow (Monitor)
19.79006425,Yellow (Monitor)
37.54365685,Yellow (Monitor)
58.20125846,Yellow (Monitor)
28.45506534,Yellow (Monitor)
8.341711641,Yellow (Monitor)
32.19262636,Yellow (Monitor)
22.0081018,Yellow (Monitor)
42.99098609,Yellow (Monitor)
30.07475088,Yellow (Monitor)
20.59877367,Yellow (Monitor)
3.969309799,Yellow (Monitor)
25.62723913,Yellow (Monitor)
56.27249638,Yellow (Monitor)
12.22259682,Yellow (Monitor)
31.39983302,Yellow (Monitor)
36.20702143,Yellow (Monitor)
13.96082749,Yellow (Monitor)
52.24841441,Yellow (Monitor)
18.25513842,Yellow (Monitor)
8.849319356,Yellow (Monitor)
13.48265919,Yellow (Monitor)
17.48480498,Yellow (Monitor)
10.14069363,Yellow (Monitor)
23.99759001,Yellow (Monitor)
32.98885031,Yellow (Monitor)
53.99650762,Yellow (Monitor)
42.22969233,Yellow (Monitor)
41.487286,Yellow (Monitor)
59.3560291,Yellow (Monitor)
49.27045407,Yellow (Monitor)
6.112813728,Yellow (Monitor)
5.553476889,Yellow (Monitor)
6.054509173,Yellow (Monitor)
1.477350783,Yellow (Monitor)
22.39746336,Yellow (Monitor)
38.66251626,Yellow (Monitor)
50.3886115,Yellow (Monitor)
4.3902351,Yellow (Monitor)
1.594446246,Yellow (Monitor)
56.72033303,Yellow (Monitor)
7.498580862,Yellow (Monitor)
24.89494314,Yellow (Monitor)
37.38133378,Yellow (Monitor)
54.74110795,Yellow (Monitor)
24.71784931,Yellow (Monitor)
6.210183869,Yellow (Monitor)
6.354573931,Yellow (Monitor)
38.92575261,Yellow (Monitor)
33.58399501,Yellow (Monitor)
34.08810801,Yellow (Monitor)
33.56461789,Yellow (Monitor)
43.67211614,Yellow (Monitor)
53.40822285,Yellow (Monitor)
14.09944171,Yellow (Monitor)
20.64157183,Yellow (Monitor)
9.047014347,Yellow (Monitor)
38.17809017,Yellow (Monitor)
15.08186214,Yellow (Monitor)
10.9832537,Yellow (Monitor)
25.12806072,Yellow (Monitor)
59.8739077,Yellow (Monitor)
51.93241566,Yellow (Monitor)
37.97051837,Yellow (Monitor)
54.34473733,Yellow (Monitor)
43.80910585,Yellow (Monitor)
10.23923176,Yellow (Monitor)
4.731496643,Yellow (Monitor)
42.87591952,Yellow (Monitor)
60.34353058,Yellow (Monitor)
8.586287803,Yellow (Monitor)
16.8309995,Yellow (Monitor)
7.729846578,Yellow (Monitor)
24.45416627,Yellow (Monitor)
38.47134091,Yellow (Monitor)
16.93036041,Yellow (Monitor)
54.28673738,Yellow (Monitor)
0.196482914,Yellow (Monitor)
57.30121478,Yellow (Monitor)
28.63548967,Yellow (Monitor)
4.166284817,Yellow (Monitor)
33.713249,Yellow (Monitor)
16.86650516,Yellow (Monitor)
2.411102632,Yellow (Monitor)
48.40027157,Yellow (Monitor)
35.58653661,Yellow (Monitor)
36.17997352,Yellow (Monitor)
18.71039953,Yellow (Monitor)
6.075079657,Yellow (Monitor)
1.994720586,Yellow (Monitor)
60.11923145,Yellow (Monitor)
48.97604428,Yellow (Monitor)
44.98955663,Yellow (Monitor)
6.274210247,Yellow (Monitor)
10.78700355,Yellow (Monitor)
32.43246776,Yellow (Monitor)
59.94195722,Yellow (Monitor)
19.25785943,Yellow (Monitor)
55.20173504,Yellow (Monitor)
54.92878388,Yellow (Monitor)
48.58264812,Yellow (Monitor)
23.07662435,Yellow (Monitor)
43.44817287,Yellow (Monitor)
30.68175737,Yellow (Monitor)
7.757383382,Yellow (Monitor)
46.0795677,Yellow (Monitor)
24.47371627,Yellow (Monitor)
9.920526129,Yellow (Monitor)
45.00168113,Yellow (Monitor)
15.344136,Yellow (Monitor)
37.07870569,Yellow (Monitor)
17.20626104,Yellow (Monitor)
34.55238198,Yellow (Monitor)
48.40858173,Yellow (Monitor)
22.60985344,Yellow (Monitor)
44.64693132,Yellow (Monitor)
9.177864705,Yellow (Monitor)
1.978362376,Yellow (Monitor)
15.42025585,Yellow (Monitor)
45.86101589,Yellow (Monitor)
37.1262947,Yellow (Monitor)
44.3316888,Yellow (Monitor)
36.76249456,Yellow (Monitor)
49.04083065,Yellow (Monitor)
8.302985774,Yellow (Monitor)
21.31386719,Yellow (Monitor)
8.176887895,Yellow (Monitor)
28.30377865,Yellow (Monitor)
12.89872868,Yellow (Monitor)
58.11519669,Yellow (Monitor)
11.13663888,Yellow (Monitor)
55.62987955,Yellow (Monitor)
9.395870212,Yellow (Monitor)
14.10038812,Yellow (Monitor)
21.78279515,Yellow (Monitor)
30.51229043,Yellow (Monitor)
11.73831059,Yellow (Monitor)
58.64347484,Yellow (Monitor)
26.63493564,Yellow (Monitor)
57.27663469,Yellow (Monitor)
3.970681817,Yellow (Monitor)
33.65581696,Yellow (Monitor)
44.78960182,Yellow (Monitor)
21.13415508,Yellow (Monitor)
20.28454963,Yellow (Monitor)
49.48545269,Yellow (Monitor)
60.74867406,Yellow (Monitor)
45.23506546,Yellow (Monitor)
25.11510574,Yellow (Monitor)
31.65490358,Yellow (Monitor)
30.34488599,Yellow (Monitor)
35.05304694,Yellow (Monitor)
28.29164913,Yellow (Monitor)
49.76179014,Yellow (Monitor)
53.90108705,Yellow (Monitor)
28.56570584,Yellow (Monitor)
24.71427383,Yellow (Monitor)
1.932174462,Yellow (Monitor)
60.85447356,Yellow (Monitor)
50.1611928,Yellow (Monitor)
58.7997714,Yellow (Monitor)
37.4593101,Yellow (Monitor)
51.7661919,Yellow (Monitor)
28.97612021,Yellow (Monitor)
35.68915642,Yellow (Monitor)
36.14678222,Yellow (Monitor)
21.96144619,Yellow (Monitor)
44.49195796,Yellow (Monitor)
11.22554422,Yellow (Monitor)
23.41280715,Yellow (Monitor)
5.01467501,Yellow (Monitor)
13.2757798,Yellow (Monitor)
4.81890795,Yellow (Monitor)
17.12091294,Yellow (Monitor)
45.29523793,Yellow (Monitor)
11.8182312,Yellow (Monitor)
47.30226156,Yellow (Monitor)
15.96918381,Yellow (Monitor)
28.48701542,Yellow (Monitor)
3.538558858,Yellow (Monitor)
51.64874606,Yellow (Monitor)
27.94076809,Yellow (Monitor)
27.36424221,Yellow (Monitor)
19.16046951,Yellow (Monitor)
37.57671864,Yellow (Monitor)
24.74296832,Yellow (Monitor)
8.376153529,Yellow (Monitor)
21.82223601,Yellow (Monitor)
7.218482637,Yellow (Monitor)
27.78416613,Yellow (Monitor)
8.042650987,Yellow (Monitor)
3.196687766,Yellow (Monitor)
13.91326764,Yellow (Monitor)
13.71800392,Yellow (Monitor)
50.46181615,Yellow (Monitor)
46.07359334,Yellow (Monitor)
21.07113608,Yellow (Monitor)
23.77197245,Yellow (Monitor)
60.20856667,Yellow (Monitor)
53.08079726,Yellow (Monitor)
19.60282192,Yellow (Monitor)
32.38825207,Yellow (Monitor)
28.37841318,Yellow (Monitor)
4.415604481,Yellow (Monitor)
21.38197542,Yellow (Monitor)
51.16295736,Yellow (Monitor)
22.12252969,Yellow (Monitor)
59.16343547,Yellow (Monitor)
59.28349468,Yellow (Monitor)
7.087978929,Yellow (Monitor)
13.98482273,Yellow (Monitor)
34.16607056,Yellow (Monitor)
60.01400729,Yellow (Monitor)
4.766466833,Yellow (Monitor)
24.51032019,Yellow (Monitor)
10.56239682,Yellow (Monitor)
19.36962724,Yellow (Monitor)
59.4223331,Yellow (Monitor)
34.13939882,Yellow (Monitor)
12.35311788,Yellow (Monitor)
26.10593347,Yellow (Monitor)
54.37754301,Yellow (Monitor)
14.1017372,Yellow (Monitor)
6.322104517,Yellow (Monitor)
38.20947986,Yellow (Monitor)
23.84350462,Yellow (Monitor)
21.46524203,Yellow (Monitor)
30.36782755,Yellow (Monitor)
38.66127159,Yellow (Monitor)
32.13597598,Yellow (Monitor)
7.930966287,Yellow (Monitor)
24.91479526,Yellow (Monitor)
12.93519137,Yellow (Monitor)
22.27176772,Yellow (Monitor)
22.17574827,Yellow (Monitor)
31.48918694,Yellow (Monitor)
2.629972052,Yellow (Monitor)
57.98131027,Yellow (Monitor)
60.09648378,Yellow (Monitor)
30.63069209,Yellow (Monitor)
56.54679084,Yellow (Monitor)
20.47334614,Yellow (Monitor)
7.812974682,Yellow (Monitor)
24.00808495,Yellow (Monitor)
44.74331354,Yellow (Monitor)
8.693472184,Yellow (Monitor)
43.84545042,Yellow (Monitor)
16.87180938,Yellow (Monitor)
23.11022513,Yellow (Monitor)
27.83256156,Yellow (Monitor)
6.11735866,Yellow (Monitor)
15.9352293,Yellow (Monitor)
51.25330752,Yellow (Monitor)
6.805850903,Yellow (Monitor)
60.1593184,Yellow (Monitor)
22.09992233,Yellow (Monitor)
54.90189777,Yellow (Monitor)
49.85585288,Yellow (Monitor)
12.5348664,Yellow (Monitor)
17.05926398,Yellow (Monitor)
45.12857631,Yellow (Monitor)
39.9944267,Yellow (Monitor)
18.53527584,Yellow (Monitor)
25.13361838,Yellow (Monitor)
0.176387584,Yellow (Monitor)
26.35886231,Yellow (Monitor)
5.334300665,Yellow (Monitor)
6.559107581,Yellow (Monitor)
45.49338442,Yellow (Monitor)
13.92476583,Yellow (Monitor)
37.14733339,Yellow (Monitor)
8.73389276,Yellow (Monitor)
21.79257029,Yellow (Monitor)
3.011310678,Yellow (Monitor)
45.58278046,Yellow (Monitor)
22.58950231,Yellow (Monitor)
60.32607455,Yellow (Monitor)
8.404529694,Yellow (Monitor)
10.48154305,Yellow (Monitor)
21.66752638,Yellow (Monitor)
10.40255778,Yellow (Monitor)
19.18221572,Yellow (Monitor)
24.52959296,Yellow (Monitor)
54.19857473,Yellow (Monitor)
20.48758612,Yellow (Monitor)
4.56886675,Yellow (Monitor)
4.547696635,Yellow (Monitor)
44.62897373,Yellow (Monitor)
24.83874937,Yellow (Monitor)
54.87117269,Yellow (Monitor)
31.12105594,Yellow (Monitor)
8.029347442,Yellow (Monitor)
7.486183069,Yellow (Monitor)
13.33555177,Yellow (Monitor)
52.03680982,Yellow (Monitor)
10.7778792,Yellow (Monitor)
51.23905203,Yellow (Monitor)
0.070396487,Yellow (Monitor)
8.750041998,Yellow (Monitor)
44.50520242,Yellow (Monitor)
50.07334291,Yellow (Monitor)
13.02987978,Yellow (Monitor)
57.04817758,Yellow (Monitor)
53.15265749,Yellow (Monitor)
56.96939846,Yellow (Monitor)
19.85675484,Yellow (Monitor)
10.85218805,Yellow (Monitor)
21.31266594,Yellow (Monitor)
29.19719236,Yellow (Monitor)
54.33609597,Yellow (Monitor)
25.45941169,Yellow (Monitor)
22.33820103,Yellow (Monitor)
28.16941081,Yellow (Monitor)
3.419440179,Yellow (Monitor)
52.59030143,Yellow (Monitor)
55.25104077,Yellow (Monitor)
31.72377518,Yellow (Monitor)
46.96893551,Yellow (Monitor)
14.70096094,Yellow (Monitor)
33.12736994,Yellow (Monitor)
41.04846827,Yellow (Monitor)
36.60408834,Yellow (Monitor)
53.47474438,Yellow (Monitor)
55.09969164,Yellow (Monitor)
45.49746675,Yellow (Monitor)
48.03097953,Yellow (Monitor)
49.06494614,Yellow (Monitor)
12.24983826,Yellow (Monitor)
31.75525546,Yellow (Monitor)
30.54352005,Yellow (Monitor)
32.67588584,Yellow (Monitor)
7.274386127,Yellow (Monitor)
21.74845003,Yellow (Monitor)
55.57924509,Yellow (Monitor)
19.78345589,Yellow (Monitor)
54.60782495,Yellow (Monitor)
29.73548497,Yellow (Monitor)
15.06589173,Yellow (Monitor)
4.803263379,Yellow (Monitor)
52.39026743,Yellow (Monitor)
45.33911129,Yellow (Monitor)
21.01123643,Yellow (Monitor)
10.88012871,Yellow (Monitor)
40.23564502,Yellow (Monitor)
49.37336556,Yellow (Monitor)
60.22951642,Yellow (Monitor)
29.74039606,Yellow (Monitor)
42.2611264,Yellow (Monitor)
22.37289272,Yellow (Monitor)
45.59707678,Yellow (Monitor)
29.88368983,Yellow (Monitor)
44.99299597,Yellow (Monitor)
0.421067806,Yellow (Monitor)
49.92288428,Yellow (Monitor)
54.85541903,Yellow (Monitor)
49.11554332,Yellow (Monitor)
54.63810591,Yellow (Monitor)
18.80094199,Yellow (Monitor)
42.83571417,Yellow (Monitor)
36.25437096,Yellow (Monitor)
45.68680795,Yellow (Monitor)
48.23761203,Yellow (Monitor)
60.53392776,Yellow (Monitor)
43.32590865,Yellow (Monitor)
42.93910129,Yellow (Monitor)
0.197383823,Yellow (Monitor)
23.18555541,Yellow (Monitor)
12.02728797,Yellow (Monitor)
24.87371524,Yellow (Monitor)
54.86747914,Yellow (Monitor)
50.09661031,Yellow (Monitor)
2.635027639,Yellow (Monitor)
37.05436569,Yellow (Monitor)
6.500487926,Yellow (Monitor)
45.78463542,Yellow (Monitor)
45.44483961,Yellow (Monitor)
12.24360397,Yellow (Monitor)
8.281213662,Yellow (Monitor)
48.54850488,Yellow (Monitor)
30.06924773,Yellow (Monitor)
48.46893218,Yellow (Monitor)
37.05269812,Yellow (Monitor)
55.80892108,Yellow (Monitor)
28.42146515,Yellow (Monitor)
38.88526871,Yellow (Monitor)
8.484303532,Yellow (Monitor)
6.15629859,Yellow (Monitor)
42.22698713,Yellow (Monitor)
21.61247941,Yellow (Monitor)
11.46637472,Yellow (Monitor)
60.65647093,Yellow (Monitor)
58.66660952,Yellow (Monitor)
18.10510434,Yellow (Monitor)
52.64476676,Yellow (Monitor)
3.790874992,Yellow (Monitor)
35.80649636,Yellow (Monitor)
37.86361151,Yellow (Monitor)
13.14890183,Yellow (Monitor)
23.89383133,Yellow (Monitor)
9.583129745,Yellow (Monitor)
55.99155548,Yellow (Monitor)
51.09859219,Yellow (Monitor)
60.3374694,Yellow (Monitor)
7.584197877,Yellow (Monitor)
43.32667071,Yellow (Monitor)
12.33678854,Yellow (Monitor)
6.571120155,Yellow (Monitor)
45.22699378,Yellow (Monitor)
52.98882388,Yellow (Monitor)
33.7914638,Yellow (Monitor)
8.21485288,Yellow (Monitor)
29.66766835,Yellow (Monitor)
45.93510753,Yellow (Monitor)
31.52869166,Yellow (Monitor)
30.96763021,Yellow (Monitor)
18.88440924,Yellow (Monitor)
48.4278481,Yellow (Monitor)
39.15514662,Yellow (Monitor)
59.21613611,Yellow (Monitor)
29.67300248,Yellow (Monitor)
10.91188143,Yellow (Monitor)
37.32834438,Yellow (Monitor)
26.72187429,Yellow (Monitor)
30.38894505,Yellow (Monitor)
45.39708153,Yellow (Monitor)
3.765984969,Yellow (Monitor)
18.98046959,Yellow (Monitor)
22.90479171,Yellow (Monitor)
22.84530208,Yellow (Monitor)
8.766840726,Yellow (Monitor)
44.1678534,Yellow (Monitor)
59.18726075,Yellow (Monitor)
31.4333851,Yellow (Monitor)
4.243192268,Yellow (Monitor)
16.02703079,Yellow (Monitor)
54.48694713,Yellow (Monitor)
40.37260507,Yellow (Monitor)
36.14680065,Yellow (Monitor)
42.85248447,Yellow (Monitor)
30.93973854,Yellow (Monitor)
27.60137426,Yellow (Monitor)
47.51451907,Yellow (Monitor)
32.13308593,Yellow (Monitor)
0.894247075,Yellow (Monitor)
58.62351652,Yellow (Monitor)
36.11768007,Yellow (Monitor)
43.2624387,Yellow (Monitor)
48.00308973,Yellow (Monitor)
14.29388983,Yellow (Monitor)
42.38658355,Yellow (Monitor)
38.48380281,Yellow (Monitor)
12.82493389,Yellow (Monitor)
6.270702421,Yellow (Monitor)
15.79943813,Yellow (Monitor)
16.65828514,Yellow (Monitor)
10.43066071,Yellow (Monitor)
20.36937731,Yellow (Monitor)
14.37755583,Yellow (Monitor)
53.63315127,Yellow (Monitor)
8.652079012,Yellow (Monitor)
60.82812922,Yellow (Monitor)
50.03667136,Yellow (Monitor)
30.89592974,Yellow (Monitor)
39.41376086,Yellow (Monitor)
6.616138835,Yellow (Monitor)
43.38404939,Yellow (Monitor)
5.980074118,Yellow (Monitor)
30.23025554,Yellow (Monitor)
9.028520935,Yellow (Monitor)
35.14652199,Yellow (Monitor)
25.12413469,Yellow (Monitor)
22.14043521,Yellow (Monitor)
30.21728021,Yellow (Monitor)
55.80836153,Yellow (Monitor)
45.21805949,Yellow (Monitor)
30.40294391,Yellow (Monitor)
58.9817343,Yellow (Monitor)
41.90220726,Yellow (Monitor)
34.37400612,Yellow (Monitor)
8.747660237,Yellow (Monitor)
22.5499607,Yellow (Monitor)
21.94764163,Yellow (Monitor)
3.191639518,Yellow (Monitor)
9.593675075,Yellow (Monitor)
23.73377216,Yellow (Monitor)
28.85669016,Yellow (Monitor)
47.12969863,Yellow (Monitor)
52.53833892,Yellow (Monitor)
47.21262119,Yellow (Monitor)
46.61581403,Yellow (Monitor)
42.5363418,Yellow (Monitor)
22.55623007,Yellow (Monitor)
24.82883507,Yellow (Monitor)
18.59470021,Yellow (Monitor)
43.01704143,Yellow (Monitor)
54.17260352,Yellow (Monitor)
14.19535019,Yellow (Monitor)
9.074378952,Yellow (Monitor)
9.608495589,Yellow (Monitor)
12.41144635,Yellow (Monitor)
33.39399784,Yellow (Monitor)
31.39619318,Yellow (Monitor)
12.01844827,Yellow (Monitor)
10.48847822,Yellow (Monitor)
42.22308181,Yellow (Monitor)
11.98167948,Yellow (Monitor)
26.56839237,Yellow (Monitor)
2.098906264,Yellow (Monitor)
20.35726516,Yellow (Monitor)
22.40429513,Yellow (Monitor)
14.10301669,Yellow (Monitor)
13.6990572,Yellow (Monitor)
50.08234443,Yellow (Monitor)
34.78557961,Yellow (Monitor)
0.42962747,Yellow (Monitor)
30.12742544,Yellow (Monitor)
56.338506,Yellow (Monitor)
41.74261246,Yellow (Monitor)
13.29249624,Yellow (Monitor)
3.859379919,Yellow (Monitor)
35.32000239,Yellow (Monitor)
21.40559918,Yellow (Monitor)
5.232113804,Yellow (Monitor)
10.28780969,Yellow (Monitor)
14.96635625,Yellow (Monitor)
17.03550501,Yellow (Monitor)
43.64732728,Yellow (Monitor)
27.78867124,Yellow (Monitor)
16.21397225,Yellow (Monitor)
43.64759758,Yellow (Monitor)
42.99715565,Yellow (Monitor)
18.42015003,Yellow (Monitor)
41.17057703,Yellow (Monitor)
32.2418468,Yellow (Monitor)
43.54255766,Yellow (Monitor)
38.10634723,Yellow (Monitor)
52.0522945,Yellow (Monitor)
57.11823777,Yellow (Monitor)
29.00469944,Yellow (Monitor)
40.33181632,Yellow (Monitor)
2.322124206,Yellow (Monitor)
45.84611475,Yellow (Monitor)
6.761232601,Yellow (Monitor)
8.556418852,Yellow (Monitor)
22.10588215,Yellow (Monitor)
49.98659557,Yellow (Monitor)
44.42343014,Yellow (Monitor)
29.27229509,Yellow (Monitor)
33.84381951,Yellow (Monitor)
39.94487207,Yellow (Monitor)
54.43316521,Yellow (Monitor)
7.199938152,Yellow (Monitor)
23.8231327,Yellow (Monitor)
59.42451393,Yellow (Monitor)
55.08514255,Yellow (Monitor)
45.06619139,Yellow (Monitor)
31.84292097,Yellow (Monitor)
42.07986861,Yellow (Monitor)
36.92251647,Yellow (Monitor)
45.90940549,Yellow (Monitor)
54.89957635,Yellow (Monitor)
39.47308663,Yellow (Monitor)
39.83807255,Yellow (Monitor)
18.34173688,Yellow (Monitor)
29.92831932,Yellow (Monitor)
36.53114638,Yellow (Monitor)
1.022892872,Yellow (Monitor)
59.58021794,Yellow (Monitor)
14.13062985,Yellow (Monitor)
29.79809597,Yellow (Monitor)
54.94485536,Yellow (Monitor)
22.20885142,Yellow (Monitor)
27.08773081,Yellow (Monitor)
60.10818195,Yellow (Monitor)
35.87433687,Yellow (Monitor)
8.795059363,Yellow (Monitor)
19.06838002,Yellow (Monitor)
4.915689552,Yellow (Monitor)
57.74567398,Yellow (Monitor)
13.28635316,Yellow (Monitor)
5.121144126,Yellow (Monitor)
30.62090822,Yellow (Monitor)
22.3449729,Yellow (Monitor)
32.21607133,Yellow (Monitor)
50.33106082,Yellow (Monitor)
55.00253401,Yellow (Monitor)
25.06834934,Yellow (Monitor)
23.94138787,Yellow (Monitor)
13.41975701,Yellow (Monitor)
14.38021167,Yellow (Monitor)
16.55217807,Yellow (Monitor)
6.569865319,Yellow (Monitor)
25.86236659,Yellow (Monitor)
20.36951775,Yellow (Monitor)
20.35174487,Yellow (Monitor)
0.953019591,Yellow (Monitor)
13.86498577,Yellow (Monitor)
29.89661836,Yellow (Monitor)
44.43781898,Yellow (Monitor)
29.57348119,Yellow (Monitor)
30.03964666,Yellow (Monitor)
16.13975862,Yellow (Monitor)
19.44360891,Yellow (Monitor)
22.64392728,Yellow (Monitor)
42.98660154,Yellow (Monitor)
18.45519323,Yellow (Monitor)
47.7846494,Yellow (Monitor)
49.06534366,Yellow (Monitor)
30.25389686,Yellow (Monitor)
42.48787794,Yellow (Monitor)
35.12505329,Yellow (Monitor)
18.0058666,Yellow (Monitor)
37.72715151,Yellow (Monitor)
56.84210214,Yellow (Monitor)
5.510828868,Yellow (Monitor)
50.52223043,Yellow (Monitor)
47.77306511,Yellow (Monitor)
58.28609022,Yellow (Monitor)
45.49837463,Yellow (Monitor)
18.14269463,Yellow (Monitor)
39.44940014,Yellow (Monitor)
28.69458625,Yellow (Monitor)
51.09127079,Yellow (Monitor)
51.98916039,Yellow (Monitor)
21.80515771,Yellow (Monitor)
43.26714173,Yellow (Monitor)
13.4056741,Yellow (Monitor)
22.79078245,Yellow (Monitor)
15.52688779,Yellow (Monitor)
26.02373861,Yellow (Monitor)
2.148569729,Yellow (Monitor)
31.8859624,Yellow (Monitor)
48.33384885,Yellow (Monitor)
58.45710293,Yellow (Monitor)
51.542875,Yellow (Monitor)
38.65032441,Yellow (Monitor)
53.55999063,Yellow (Monitor)
35.76001563,Yellow (Monitor)
45.31900364,Yellow (Monitor)
46.82828848,Yellow (Monitor)
10.59038413,Yellow (Monitor)
3.154752316,Yellow (Monitor)
57.99388544,Yellow (Monitor)
87.23337841,Orange (Alerto)
89.51384695,Orange (Alerto)
94.05038513,Orange (Alerto)
67.21024747,Orange (Alerto)
118.0422188,Orange (Alerto)
70.37369387,Orange (Alerto)
65.45906953,Orange (Alerto)
80.1876757,Orange (Alerto)
80.79737564,Orange (Alerto)
96.5934682,Orange (Alerto)
121.8644654,Orange (Alerto)
79.05516731,Orange (Alerto)
78.79794885,Orange (Alerto)
110.8848929,Orange (Alerto)
69.44499602,Orange (Alerto)
114.5278248,Orange (Alerto)
80.78635251,Orange (Alerto)
98.27921306,Orange (Alerto)
74.92300518,Orange (Alerto)
97.6587387,Orange (Alerto)
108.3124798,Orange (Alerto)
101.3787139,Orange (Alerto)
68.73681535,Orange (Alerto)
81.89135964,Orange (Alerto)
69.45682714,Orange (Alerto)
65.80667009,Orange (Alerto)
114.7555985,Orange (Alerto)
104.0999842,Orange (Alerto)
70.78310335,Orange (Alerto)
85.79123547,Orange (Alerto)
107.7551186,Orange (Alerto)
104.9864063,Orange (Alerto)
121.6427427,Orange (Alerto)
80.63827574,Orange (Alerto)
82.03385519,Orange (Alerto)
73.41453969,Orange (Alerto)
120.316933,Orange (Alerto)
79.87972798,Orange (Alerto)
121.0148421,Orange (Alerto)
75.40403655,Orange (Alerto)
114.1325023,Orange (Alerto)
108.406306,Orange (Alerto)
98.37006463,Orange (Alerto)
65.60220351,Orange (Alerto)
75.18474976,Orange (Alerto)
100.6005932,Orange (Alerto)
115.7495744,Orange (Alerto)
71.39925143,Orange (Alerto)
80.35118064,Orange (Alerto)
119.5358786,Orange (Alerto)
73.02789242,Orange (Alerto)
103.071277,Orange (Alerto)
103.6216949,Orange (Alerto)
115.214631,Orange (Alerto)
66.86578169,Orange (Alerto)
100.6773497,Orange (Alerto)
81.74540731,Orange (Alerto)
82.96209364,Orange (Alerto)
114.2805699,Orange (Alerto)
109.099401,Orange (Alerto)
75.97579656,Orange (Alerto)
95.86711493,Orange (Alerto)
121.943546,Orange (Alerto)
97.75742547,Orange (Alerto)
78.27021643,Orange (Alerto)
110.4100801,Orange (Alerto)
116.5693582,Orange (Alerto)
96.21896149,Orange (Alerto)
71.60948802,Orange (Alerto)
108.7407155,Orange (Alerto)
115.4929594,Orange (Alerto)
109.8461636,Orange (Alerto)
83.03085605,Orange (Alerto)
118.6774883,Orange (Alerto)
98.11946608,Orange (Alerto)
75.95962103,Orange (Alerto)
93.46429376,Orange (Alerto)
117.8161899,Orange (Alerto)
72.30352132,Orange (Alerto)
91.15984072,Orange (Alerto)
80.83056473,Orange (Alerto)
118.3340682,Orange (Alerto)
66.04214141,Orange (Alerto)
99.62312929,Orange (Alerto)
107.5217028,Orange (Alerto)
110.781256,Orange (Alerto)
83.98277838,Orange (Alerto)
76.99482383,Orange (Alerto)
120.9898873,Orange (Alerto)
90.29760634,Orange (Alerto)
71.50899848,Orange (Alerto)
115.9301064,Orange (Alerto)
87.01253939,Orange (Alerto)
109.5208938,Orange (Alerto)
66.48746664,Orange (Alerto)
87.76660091,Orange (Alerto)
79.3416853,Orange (Alerto)
97.74609669,Orange (Alerto)
79.80448593,Orange (Alerto)
106.8579013,Orange (Alerto)
101.6265689,Orange (Alerto)
84.58931479,Orange (Alerto)
111.8087389,Orange (Alerto)
102.9998261,Orange (Alerto)
87.11402308,Orange (Alerto)
79.72404885,Orange (Alerto)
91.97626871,Orange (Alerto)
90.24177428,Orange (Alerto)
68.69494108,Orange (Alerto)
85.11089889,Orange (Alerto)
89.73723968,Orange (Alerto)
101.4271829,Orange (Alerto)
107.3493043,Orange (Alerto)
119.6380682,Orange (Alerto)
112.7069436,Orange (Alerto)
105.8707907,Orange (Alerto)
104.305675,Orange (Alerto)
121.9710949,Orange (Alerto)
75.53247525,Orange (Alerto)
111.4807137,Orange (Alerto)
117.3443149,Orange (Alerto)
98.98936497,Orange (Alerto)
74.63889354,Orange (Alerto)
71.11968926,Orange (Alerto)
72.20567332,Orange (Alerto)
66.19795364,Orange (Alerto)
80.8836954,Orange (Alerto)
104.2269124,Orange (Alerto)
74.40542109,Orange (Alerto)
69.15724439,Orange (Alerto)
69.98593512,Orange (Alerto)
97.78566503,Orange (Alerto)
78.27858924,Orange (Alerto)
87.67325951,Orange (Alerto)
113.2328029,Orange (Alerto)
95.96360804,Orange (Alerto)
110.750951,Orange (Alerto)
108.2281021,Orange (Alerto)
85.46539631,Orange (Alerto)
78.47377611,Orange (Alerto)
74.22220793,Orange (Alerto)
92.69985772,Orange (Alerto)
99.62174519,Orange (Alerto)
114.2617042,Orange (Alerto)
111.9847659,Orange (Alerto)
67.48300778,Orange (Alerto)
115.8340927,Orange (Alerto)
66.50983886,Orange (Alerto)
69.25485136,Orange (Alerto)
118.742226,Orange (Alerto)
98.97927111,Orange (Alerto)
98.26692399,Orange (Alerto)
68.33593374,Orange (Alerto)
110.6390425,Orange (Alerto)
99.91061256,Orange (Alerto)
89.58856488,Orange (Alerto)
101.9028715,Orange (Alerto)
114.7634916,Orange (Alerto)
91.28242248,Orange (Alerto)
117.8178756,Orange (Alerto)
100.0166776,Orange (Alerto)
120.9941782,Orange (Alerto)
98.74812662,Orange (Alerto)
113.8694635,Orange (Alerto)
116.2435693,Orange (Alerto)
95.05125714,Orange (Alerto)
91.79139536,Orange (Alerto)
73.39367683,Orange (Alerto)
76.25656291,Orange (Alerto)
66.5866299,Orange (Alerto)
75.61693731,Orange (Alerto)
86.75684496,Orange (Alerto)
83.03952721,Orange (Alerto)
107.336613,Orange (Alerto)
89.26095579,Orange (Alerto)
82.08423648,Orange (Alerto)
93.71875534,Orange (Alerto)
67.93521552,Orange (Alerto)
67.41737541,Orange (Alerto)
84.32821598,Orange (Alerto)
78.66784586,Orange (Alerto)
72.10315907,Orange (Alerto)
66.46237739,Orange (Alerto)
83.10908437,Orange (Alerto)
68.28545924,Orange (Alerto)
88.27811205,Orange (Alerto)
120.2965577,Orange (Alerto)
65.66297193,Orange (Alerto)
120.8065936,Orange (Alerto)
75.36207887,Orange (Alerto)
82.77449982,Orange (Alerto)
88.67070287,Orange (Alerto)
64.35271042,Orange (Alerto)
94.83582042,Orange (Alerto)
73.85671479,Orange (Alerto)
119.0753101,Orange (Alerto)
83.63531426,Orange (Alerto)
81.19999066,Orange (Alerto)
89.96042826,Orange (Alerto)
64.83696525,Orange (Alerto)
115.7247861,Orange (Alerto)
69.9624782,Orange (Alerto)
76.49330829,Orange (Alerto)
104.6936736,Orange (Alerto)
89.43528352,Orange (Alerto)
98.05470189,Orange (Alerto)
107.9408339,Orange (Alerto)
65.86843561,Orange (Alerto)
83.62524968,Orange (Alerto)
67.80243392,Orange (Alerto)
73.85661308,Orange (Alerto)
83.79872163,Orange (Alerto)
119.1301759,Orange (Alerto)
72.73499633,Orange (Alerto)
77.68664245,Orange (Alerto)
79.17954135,Orange (Alerto)
102.899108,Orange (Alerto)
79.50402933,Orange (Alerto)
70.56935863,Orange (Alerto)
83.71264822,Orange (Alerto)
67.92811813,Orange (Alerto)
71.35939265,Orange (Alerto)
78.01756758,Orange (Alerto)
101.735134,Orange (Alerto)
105.9828152,Orange (Alerto)
79.84235504,Orange (Alerto)
96.19285546,Orange (Alerto)
85.50803359,Orange (Alerto)
73.95169875,Orange (Alerto)
95.46874224,Orange (Alerto)
108.5688097,Orange (Alerto)
83.38301435,Orange (Alerto)
120.5521374,Orange (Alerto)
86.30635398,Orange (Alerto)
90.32143493,Orange (Alerto)
90.80699446,Orange (Alerto)
66.76206234,Orange (Alerto)
68.51655493,Orange (Alerto)
85.11209777,Orange (Alerto)
72.81903229,Orange (Alerto)
107.8978226,Orange (Alerto)
95.11102586,Orange (Alerto)
110.5557085,Orange (Alerto)
72.19113916,Orange (Alerto)
102.2694359,Orange (Alerto)
97.88028695,Orange (Alerto)
115.6389242,Orange (Alerto)
77.83549905,Orange (Alerto)
79.43013031,Orange (Alerto)
73.10308921,Orange (Alerto)
67.8530226,Orange (Alerto)
106.051297,Orange (Alerto)
97.4322001,Orange (Alerto)
101.971093,Orange (Alerto)
95.28425505,Orange (Alerto)
94.5790707,Orange (Alerto)
119.8027279,Orange (Alerto)
67.12795622,Orange (Alerto)
83.46800167,Orange (Alerto)
82.15910647,Orange (Alerto)
120.518984,Orange (Alerto)
121.2666175,Orange (Alerto)
87.828384,Orange (Alerto)
113.9361041,Orange (Alerto)
98.60513745,Orange (Alerto)
89.76031086,Orange (Alerto)
100.6231126,Orange (Alerto)
73.74981373,Orange (Alerto)
91.28977712,Orange (Alerto)
90.77767499,Orange (Alerto)
94.6300974,Orange (Alerto)
105.7977236,Orange (Alerto)
74.65766102,Orange (Alerto)
68.20334118,Orange (Alerto)
99.21426639,Orange (Alerto)
101.567285,Orange (Alerto)
67.00925182,Orange (Alerto)
87.06166062,Orange (Alerto)
112.7934822,Orange (Alerto)
93.42448116,Orange (Alerto)
78.11504916,Orange (Alerto)
91.55895394,Orange (Alerto)
80.41741766,Orange (Alerto)
69.20023659,Orange (Alerto)
71.64544446,Orange (Alerto)
83.86656425,Orange (Alerto)
69.08069018,Orange (Alerto)
104.4536227,Orange (Alerto)
80.66446826,Orange (Alerto)
85.95344299,Orange (Alerto)
84.08467653,Orange (Alerto)
78.8671941,Orange (Alerto)
67.99459678,Orange (Alerto)
83.36671749,Orange (Alerto)
72.34303239,Orange (Alerto)
86.4264958,Orange (Alerto)
112.9688583,Orange (Alerto)
70.71775789,Orange (Alerto)
84.78194012,Orange (Alerto)
100.6969271,Orange (Alerto)
91.26868426,Orange (Alerto)
120.1478212,Orange (Alerto)
105.242042,Orange (Alerto)
77.5338405,Orange (Alerto)
107.9083764,Orange (Alerto)
69.22303576,Orange (Alerto)
84.88050075,Orange (Alerto)
94.0540025,Orange (Alerto)
75.32913192,Orange (Alerto)
116.990405,Orange (Alerto)
108.3606392,Orange (Alerto)
82.61267241,Orange (Alerto)
118.1644415,Orange (Alerto)
74.63461324,Orange (Alerto)
100.9856217,Orange (Alerto)
118.2616499,Orange (Alerto)
75.49239349,Orange (Alerto)
73.85639718,Orange (Alerto)
75.2927112,Orange (Alerto)
100.4475701,Orange (Alerto)
86.89026851,Orange (Alerto)
81.14523076,Orange (Alerto)
90.51776657,Orange (Alerto)
89.80321791,Orange (Alerto)
106.9343806,Orange (Alerto)
65.91975075,Orange (Alerto)
96.85921658,Orange (Alerto)
75.46678668,Orange (Alerto)
64.02353651,Orange (Alerto)
75.4821776,Orange (Alerto)
82.01214511,Orange (Alerto)
95.79436193,Orange (Alerto)
96.36025023,Orange (Alerto)
111.2327992,Orange (Alerto)
80.76594815,Orange (Alerto)
113.5819289,Orange (Alerto)
102.3795805,Orange (Alerto)
75.39392438,Orange (Alerto)
79.0736183,Orange (Alerto)
96.04924175,Orange (Alerto)
107.6015434,Orange (Alerto)
86.89587217,Orange (Alerto)
82.1356847,Orange (Alerto)
106.1817182,Orange (Alerto)
106.1626009,Orange (Alerto)
88.74870659,Orange (Alerto)
93.2085867,Orange (Alerto)
88.1088763,Orange (Alerto)
79.85830559,Orange (Alerto)
117.6582239,Orange (Alerto)
104.930827,Orange (Alerto)
121.6216011,Orange (Alerto)
120.9963562,Orange (Alerto)
87.52594012,Orange (Alerto)
87.94767388,Orange (Alerto)
65.34704488,Orange (Alerto)
121.1205529,Orange (Alerto)
67.03064254,Orange (Alerto)
97.01573755,Orange (Alerto)
106.0130493,Orange (Alerto)
117.5595991,Orange (Alerto)
98.1407806,Orange (Alerto)
65.54372806,Orange (Alerto)
121.043517,Orange (Alerto)
77.98952988,Orange (Alerto)
119.2590753,Orange (Alerto)
105.3931237,Orange (Alerto)
76.22611202,Orange (Alerto)
67.01460009,Orange (Alerto)
118.4379071,Orange (Alerto)
94.48229533,Orange (Alerto)
70.59471706,Orange (Alerto)
80.02788249,Orange (Alerto)
72.85190261,Orange (Alerto)
81.20682741,Orange (Alerto)
91.19214121,Orange (Alerto)
71.40991615,Orange (Alerto)
86.23616785,Orange (Alerto)
115.9770455,Orange (Alerto)
105.674126,Orange (Alerto)
109.2531969,Orange (Alerto)
95.01086431,Orange (Alerto)
71.10617223,Orange (Alerto)
68.8701801,Orange (Alerto)
100.2095025,Orange (Alerto)
104.5744632,Orange (Alerto)
81.83489758,Orange (Alerto)
68.68110574,Orange (Alerto)
117.2805751,Orange (Alerto)
70.49294982,Orange (Alerto)
96.31234318,Orange (Alerto)
120.4857996,Orange (Alerto)
119.43336,Orange (Alerto)
83.92940832,Orange (Alerto)
107.4468914,Orange (Alerto)
112.0321351,Orange (Alerto)
93.27337119,Orange (Alerto)
73.27060833,Orange (Alerto)
78.95686105,Orange (Alerto)
115.2358536,Orange (Alerto)
71.88379409,Orange (Alerto)
99.22667635,Orange (Alerto)
108.2457161,Orange (Alerto)
105.1254598,Orange (Alerto)
101.5225251,Orange (Alerto)
64.50442001,Orange (Alerto)
105.2409891,Orange (Alerto)
115.9980521,Orange (Alerto)
75.43714506,Orange (Alerto)
87.01263691,Orange (Alerto)
78.57430938,Orange (Alerto)
112.8744784,Orange (Alerto)
73.47367029,Orange (Alerto)
67.88681523,Orange (Alerto)
108.5981532,Orange (Alerto)
71.56431223,Orange (Alerto)
84.01262212,Orange (Alerto)
72.73460277,Orange (Alerto)
87.50475322,Orange (Alerto)
97.99898954,Orange (Alerto)
113.6103182,Orange (Alerto)
116.7473643,Orange (Alerto)
92.00142762,Orange (Alerto)
92.37501415,Orange (Alerto)
102.0752699,Orange (Alerto)
100.7497264,Orange (Alerto)
65.04113884,Orange (Alerto)
83.44957059,Orange (Alerto)
81.14792646,Orange (Alerto)
64.32326431,Orange (Alerto)
101.4256502,Orange (Alerto)
109.2788305,Orange (Alerto)
84.01158112,Orange (Alerto)
101.4911363,Orange (Alerto)
65.77028325,Orange (Alerto)
72.23567032,Orange (Alerto)
88.10592711,Orange (Alerto)
65.11046848,Orange (Alerto)
70.8670825,Orange (Alerto)
93.7892283,Orange (Alerto)
83.20569071,Orange (Alerto)
88.45953995,Orange (Alerto)
96.86596647,Orange (Alerto)
107.4827379,Orange (Alerto)
88.40209046,Orange (Alerto)
112.8470164,Orange (Alerto)
111.1131862,Orange (Alerto)
119.2093841,Orange (Alerto)
121.4257167,Orange (Alerto)
106.4343745,Orange (Alerto)
120.9442094,Orange (Alerto)
92.74541876,Orange (Alerto)
88.01926347,Orange (Alerto)
115.6317801,Orange (Alerto)
103.685258,Orange (Alerto)
121.6884609,Orange (Alerto)
93.11639185,Orange (Alerto)
96.1490136,Orange (Alerto)
99.83332441,Orange (Alerto)
111.6615236,Orange (Alerto)
110.5056357,Orange (Alerto)
118.8549254,Orange (Alerto)
99.69442665,Orange (Alerto)
86.46938271,Orange (Alerto)
91.29966135,Orange (Alerto)
68.80428763,Orange (Alerto)
112.8469068,Orange (Alerto)
121.4122748,Orange (Alerto)
112.6489977,Orange (Alerto)
108.7634084,Orange (Alerto)
80.71686563,Orange (Alerto)
74.3636806,Orange (Alerto)
80.36771999,Orange (Alerto)
69.29021433,Orange (Alerto)
118.1781536,Orange (Alerto)
89.31380872,Orange (Alerto)
64.73003248,Orange (Alerto)
72.21316148,Orange (Alerto)
121.9931007,Orange (Alerto)
85.75079527,Orange (Alerto)
72.79271139,Orange (Alerto)
116.5406889,Orange (Alerto)
65.23916517,Orange (Alerto)
70.76042637,Orange (Alerto)
79.34327323,Orange (Alerto)
106.3522983,Orange (Alerto)
90.92522379,Orange (Alerto)
100.8815551,Orange (Alerto)
76.05528167,Orange (Alerto)
87.44345629,Orange (Alerto)
118.705837,Orange (Alerto)
76.34138746,Orange (Alerto)
110.6640777,Orange (Alerto)
99.76466681,Orange (Alerto)
66.39851215,Orange (Alerto)
97.96401316,Orange (Alerto)
119.130315,Orange (Alerto)
104.0648573,Orange (Alerto)
73.47522706,Orange (Alerto)
99.57999827,Orange (Alerto)
77.26384679,Orange (Alerto)
108.7823376,Orange (Alerto)
82.12638482,Orange (Alerto)
90.61858012,Orange (Alerto)
98.55218413,Orange (Alerto)
97.05959334,Orange (Alerto)
90.72264476,Orange (Alerto)
64.59553481,Orange (Alerto)
66.75189805,Orange (Alerto)
69.74748782,Orange (Alerto)
106.0964053,Orange (Alerto)
69.87280615,Orange (Alerto)
89.39502797,Orange (Alerto)
119.191228,Orange (Alerto)
86.92285002,Orange (Alerto)
98.24793375,Orange (Alerto)
82.41079914,Orange (Alerto)
81.89698221,Orange (Alerto)
106.3643527,Orange (Alerto)
83.3350172,Orange (Alerto)
111.5714932,Orange (Alerto)
69.37967622,Orange (Alerto)
84.58772074,Orange (Alerto)
74.73981437,Orange (Alerto)
80.1907087,Orange (Alerto)
93.87131983,Orange (Alerto)
115.2204481,Orange (Alerto)
100.8298104,Orange (Alerto)
80.57473585,Orange (Alerto)
83.64164757,Orange (Alerto)
108.9288009,Orange (Alerto)
110.5693404,Orange (Alerto)
88.10873452,Orange (Alerto)
76.17869372,Orange (Alerto)
120.1005733,Orange (Alerto)
109.3734668,Orange (Alerto)
94.78696541,Orange (Alerto)
73.70246789,Orange (Alerto)
108.9272241,Orange (Alerto)
102.8910779,Orange (Alerto)
85.4589658,Orange (Alerto)
102.0688747,Orange (Alerto)
76.351712,Orange (Alerto)
78.0833878,Orange (Alerto)
65.57709332,Orange (Alerto)
65.09083597,Orange (Alerto)
114.0833204,Orange (Alerto)
82.85648187,Orange (Alerto)
69.92570495,Orange (Alerto)
119.0398069,Orange (Alerto)
103.6581688,Orange (Alerto)
72.2894072,Orange (Alerto)
83.85926433,Orange (Alerto)
81.75027583,Orange (Alerto)
114.9919675,Orange (Alerto)
101.635982,Orange (Alerto)
71.14516511,Orange (Alerto)
64.24848442,Orange (Alerto)
74.2579134,Orange (Alerto)
68.89894828,Orange (Alerto)
89.6767673,Orange (Alerto)
106.5439518,Orange (Alerto)
74.58046902,Orange (Alerto)
111.9199758,Orange (Alerto)
119.6253194,Orange (Alerto)
109.3741514,Orange (Alerto)
93.67287237,Orange (Alerto)
106.9325824,Orange (Alerto)
89.65342694,Orange (Alerto)
82.88089083,Orange (Alerto)
113.1724651,Orange (Alerto)
83.73165703,Orange (Alerto)
105.9775317,Orange (Alerto)
78.06368864,Orange (Alerto)
102.2809296,Orange (Alerto)
84.06098391,Orange (Alerto)
121.4672777,Orange (Alerto)
105.6922211,Orange (Alerto)
117.1262862,Orange (Alerto)
85.72260665,Orange (Alerto)
121.6750812,Orange (Alerto)
119.1160144,Orange (Alerto)
104.9076506,Orange (Alerto)
106.2197296,Orange (Alerto)
67.05910532,Orange (Alerto)
102.2012472,Orange (Alerto)
69.10205806,Orange (Alerto)
80.95560787,Orange (Alerto)
67.15774747,Orange (Alerto)
75.67593196,Orange (Alerto)
120.8151296,Orange (Alerto)
106.6587563,Orange (Alerto)
76.22770987,Orange (Alerto)
106.2519814,Orange (Alerto)
82.08519471,Orange (Alerto)
98.94409241,Orange (Alerto)
83.31206335,Orange (Alerto)
121.2365276,Orange (Alerto)
95.55905887,Orange (Alerto)
84.89317718,Orange (Alerto)
92.27594863,Orange (Alerto)
100.1736672,Orange (Alerto)
87.21064899,Orange (Alerto)
96.76251473,Orange (Alerto)
69.75474903,Orange (Alerto)
85.04565627,Orange (Alerto)
90.50238026,Orange (Alerto)
112.3601958,Orange (Alerto)
95.8492756,Orange (Alerto)
104.2036066,Orange (Alerto)
64.08598824,Orange (Alerto)
78.00893321,Orange (Alerto)
101.4266764,Orange (Alerto)
84.39038129,Orange (Alerto)
76.07881931,Orange (Alerto)
106.2818692,Orange (Alerto)
74.13501493,Orange (Alerto)
110.3870074,Orange (Alerto)
105.7662431,Orange (Alerto)
92.22816689,Orange (Alerto)
83.05254133,Orange (Alerto)
119.0445156,Orange (Alerto)
94.06917281,Orange (Alerto)
77.38643804,Orange (Alerto)
95.87929149,Orange (Alerto)
77.70546407,Orange (Alerto)
69.07438667,Orange (Alerto)
79.57322994,Orange (Alerto)
79.23690482,Orange (Alerto)
115.24273,Orange (Alerto)
66.91195977,Orange (Alerto)
92.40083031,Orange (Alerto)
82.41514796,Orange (Alerto)
77.32055814,Orange (Alerto)
109.8428008,Orange (Alerto)
67.97064855,Orange (Alerto)
98.24840203,Orange (Alerto)
78.35259247,Orange (Alerto)
83.35463093,Orange (Alerto)
100.3824601,Orange (Alerto)
99.8705911,Orange (Alerto)
119.8645489,Orange (Alerto)
86.89515346,Orange (Alerto)
91.50233823,Orange (Alerto)
112.7539031,Orange (Alerto)
90.70028335,Orange (Alerto)
102.6433348,Orange (Alerto)
100.6023669,Orange (Alerto)
112.9343437,Orange (Alerto)
67.22743256,Orange (Alerto)
106.780573,Orange (Alerto)
108.8253008,Orange (Alerto)
98.37952573,Orange (Alerto)
83.29468892,Orange (Alerto)
95.70711448,Orange (Alerto)
101.5446893,Orange (Alerto)
72.59524383,Orange (Alerto)
73.6530544,Orange (Alerto)
76.21888861,Orange (Alerto)
73.60864498,Orange (Alerto)
108.1578649,Orange (Alerto)
117.7251454,Orange (Alerto)
81.33545565,Orange (Alerto)
114.7959304,Orange (Alerto)
75.34630493,Orange (Alerto)
120.0087159,Orange (Alerto)
80.82401651,Orange (Alerto)
99.28308732,Orange (Alerto)
64.55175926,Orange (Alerto)
68.46206706,Orange (Alerto)
88.79981351,Orange (Alerto)
83.71580067,Orange (Alerto)
107.662806,Orange (Alerto)
113.394634,Orange (Alerto)
107.2029643,Orange (Alerto)
87.80001932,Orange (Alerto)
84.21032817,Orange (Alerto)
106.3790595,Orange (Alerto)
113.4242798,Orange (Alerto)
117.6861898,Orange (Alerto)
94.08248523,Orange (Alerto)
71.00417592,Orange (Alerto)
73.88232004,Orange (Alerto)
121.587986,Orange (Alerto)
121.9588583,Orange (Alerto)
110.2046745,Orange (Alerto)
84.75619902,Orange (Alerto)
114.9325574,Orange (Alerto)
98.63700041,Orange (Alerto)
93.57789207,Orange (Alerto)
81.11916701,Orange (Alerto)
107.3177809,Orange (Alerto)
91.42095849,Orange (Alerto)
81.10296641,Orange (Alerto)
67.73129957,Orange (Alerto)
70.86569674,Orange (Alerto)
79.82092366,Orange (Alerto)
69.29416083,Orange (Alerto)
117.347151,Orange (Alerto)
83.05510098,Orange (Alerto)
89.23016365,Orange (Alerto)
72.77473044,Orange (Alerto)
91.6379989,Orange (Alerto)
105.1730727,Orange (Alerto)
115.2656067,Orange (Alerto)
99.09796698,Orange (Alerto)
106.2418215,Orange (Alerto)
90.25948893,Orange (Alerto)
99.34416825,Orange (Alerto)
72.59639063,Orange (Alerto)
89.86311014,Orange (Alerto)
100.9691532,Orange (Alerto)
87.78505005,Orange (Alerto)
90.55764809,Orange (Alerto)
119.0463538,Orange (Alerto)
97.42810981,Orange (Alerto)
93.5466681,Orange (Alerto)
83.90567863,Orange (Alerto)
111.4750156,Orange (Alerto)
84.89319564,Orange (Alerto)
106.7598734,Orange (Alerto)
114.1467221,Orange (Alerto)
85.43530301,Orange (Alerto)
88.29405048,Orange (Alerto)
110.3065717,Orange (Alerto)
117.8427937,Orange (Alerto)
118.3630557,Orange (Alerto)
96.85796118,Orange (Alerto)
117.2811206,Orange (Alerto)
67.62807304,Orange (Alerto)
109.7940215,Orange (Alerto)
66.54627724,Orange (Alerto)
109.0423293,Orange (Alerto)
107.3609438,Orange (Alerto)
121.6658712,Orange (Alerto)
108.760631,Orange (Alerto)
84.32316247,Orange (Alerto)
79.09030955,Orange (Alerto)
80.91393844,Orange (Alerto)
86.72793218,Orange (Alerto)
76.57799731,Orange (Alerto)
87.75643231,Orange (Alerto)
87.48236206,Orange (Alerto)
65.85487649,Orange (Alerto)
79.30209059,Orange (Alerto)
76.49405172,Orange (Alerto)
77.76733555,Orange (Alerto)
79.24359916,Orange (Alerto)
108.5099244,Orange (Alerto)
98.67290068,Orange (Alerto)
120.3438658,Orange (Alerto)
70.92077474,Orange (Alerto)
105.9274031,Orange (Alerto)
115.5677438,Orange (Alerto)
87.3531132,Orange (Alerto)
115.9860077,Orange (Alerto)
80.50689182,Orange (Alerto)
112.0508235,Orange (Alerto)
84.75188243,Orange (Alerto)
65.94076981,Orange (Alerto)
100.2721637,Orange (Alerto)
68.10030378,Orange (Alerto)
105.8631783,Orange (Alerto)
118.4136035,Orange (Alerto)
91.65847104,Orange (Alerto)
117.0192531,Orange (Alerto)
85.62141012,Orange (Alerto)
75.80751091,Orange (Alerto)
75.74677047,Orange (Alerto)
114.8828372,Orange (Alerto)
91.41493983,Orange (Alerto)
92.06901616,Orange (Alerto)
86.4410526,Orange (Alerto)
92.69733313,Orange (Alerto)
120.7814983,Orange (Alerto)
65.07437558,Orange (Alerto)
90.86194824,Orange (Alerto)
100.0384661,Orange (Alerto)
88.43696314,Orange (Alerto)
72.19871114,Orange (Alerto)
69.29674378,Orange (Alerto)
118.0321306,Orange (Alerto)
107.7190329,Orange (Alerto)
94.45136256,Orange (Alerto)
85.71548987,Orange (Alerto)
117.0326769,Orange (Alerto)
114.1851481,Orange (Alerto)
94.66182934,Orange (Alerto)
78.32174896,Orange (Alerto)
112.1702069,Orange (Alerto)
74.98228779,Orange (Alerto)
73.22643057,Orange (Alerto)
115.0920058,Orange (Alerto)
90.47774525,Orange (Alerto)
115.1349092,Orange (Alerto)
78.049112,Orange (Alerto)
71.96463398,Orange (Alerto)
109.1711027,Orange (Alerto)
68.06021436,Orange (Alerto)
71.28394496,Orange (Alerto)
101.8889993,Orange (Alerto)
82.73162238,Orange (Alerto)
81.75339951,Orange (Alerto)
110.2048249,Orange (Alerto)
78.12910311,Orange (Alerto)
96.89518925,Orange (Alerto)
75.81683957,Orange (Alerto)
76.09109102,Orange (Alerto)
93.32321705,Orange (Alerto)
99.74386234,Orange (Alerto)
119.8125322,Orange (Alerto)
89.81465113,Orange (Alerto)
90.58097267,Orange (Alerto)
96.837387,Orange (Alerto)
95.56668502,Orange (Alerto)
86.43050831,Orange (Alerto)
93.16367383,Orange (Alerto)
70.99115459,Orange (Alerto)
89.17670165,Orange (Alerto)
68.07823546,Orange (Alerto)
118.3547804,Orange (Alerto)
89.61616181,Orange (Alerto)
68.07408104,Orange (Alerto)
89.94730152,Orange (Alerto)
106.5196559,Orange (Alerto)
101.8562612,Orange (Alerto)
89.71184388,Orange (Alerto)
108.9418703,Orange (Alerto)
110.0751337,Orange (Alerto)
80.98304663,Orange (Alerto)
79.8613815,Orange (Alerto)
121.8216656,Orange (Alerto)
121.4549332,Orange (Alerto)
78.03057862,Orange (Alerto)
65.59327956,Orange (Alerto)
71.41173723,Orange (Alerto)
99.40224988,Orange (Alerto)
78.96311433,Orange (Alerto)
102.3987611,Orange (Alerto)
92.12925334,Orange (Alerto)
115.4596695,Orange (Alerto)
91.8237921,Orange (Alerto)
98.68956355,Orange (Alerto)
84.52772231,Orange (Alerto)
68.05402277,Orange (Alerto)
118.4822741,Orange (Alerto)
111.4969059,Orange (Alerto)
74.02213411,Orange (Alerto)
105.1204757,Orange (Alerto)
70.96091631,Orange (Alerto)
88.60646648,Orange (Alerto)
97.29926542,Orange (Alerto)
115.5644675,Orange (Alerto)
109.7014461,Orange (Alerto)
64.65212866,Orange (Alerto)
76.51839826,Orange (Alerto)
106.845986,Orange (Alerto)
78.54146518,Orange (Alerto)
108.8255563,Orange (Alerto)
113.3351117,Orange (Alerto)
65.49402803,Orange (Alerto)
72.42407328,Orange (Alerto)
81.23734598,Orange (Alerto)
97.68537104,Orange (Alerto)
110.4962201,Orange (Alerto)
64.16668279,Orange (Alerto)
90.54030745,Orange (Alerto)
78.36911298,Orange (Alerto)
106.5653926,Orange (Alerto)
97.61745161,Orange (Alerto)
76.91888414,Orange (Alerto)
111.0714523,Orange (Alerto)
93.63964941,Orange (Alerto)
83.18433333,Orange (Alerto)
109.6350224,Orange (Alerto)
78.68413522,Orange (Alerto)
76.65760023,Orange (Alerto)
86.81944034,Orange (Alerto)
105.0010854,Orange (Alerto)
90.40456078,Orange (Alerto)
103.3994108,Orange (Alerto)
101.1578556,Orange (Alerto)
103.7919415,Orange (Alerto)
104.3888626,Orange (Alerto)
68.7593605,Orange (Alerto)
64.00573738,Orange (Alerto)
110.2863333,Orange (Alerto)
73.97705734,Orange (Alerto)
113.9777892,Orange (Alerto)
111.0659268,Orange (Alerto)
115.8066922,Orange (Alerto)
76.01379289,Orange (Alerto)
102.7575324,Orange (Alerto)
71.86801607,Orange (Alerto)
98.46990196,Orange (Alerto)
107.4101944,Orange (Alerto)
76.31976494,Orange (Alerto)
81.97174724,Orange (Alerto)
117.7168943,Orange (Alerto)
111.8486049,Orange (Alerto)
74.76049351,Orange (Alerto)
111.0865787,Orange (Alerto)
101.2319232,Orange (Alerto)
102.5943997,Orange (Alerto)
107.3579764,Orange (Alerto)
67.79055998,Orange (Alerto)
97.09090907,Orange (Alerto)
91.78471073,Orange (Alerto)
100.3163999,Orange (Alerto)
90.95917436,Orange (Alerto)
89.24101037,Orange (Alerto)
68.68526587,Orange (Alerto)
105.4738419,Orange (Alerto)
110.2487132,Orange (Alerto)
97.67435646,Orange (Alerto)
67.25525033,Orange (Alerto)
89.43537834,Orange (Alerto)
113.0145088,Orange (Alerto)
88.35509145,Orange (Alerto)
68.71385453,Orange (Alerto)
73.15020434,Orange (Alerto)
91.12522974,Orange (Alerto)
80.50691933,Orange (Alerto)
95.44365358,Orange (Alerto)
121.0716701,Orange (Alerto)
108.8498821,Orange (Alerto)
106.9973896,Orange (Alerto)
119.3231366,Orange (Alerto)
93.19145056,Orange (Alerto)
119.3429373,Orange (Alerto)
106.5264061,Orange (Alerto)
84.9800142,Orange (Alerto)
91.44764781,Orange (Alerto)
96.45879026,Orange (Alerto)
95.88960703,Orange (Alerto)
101.7405285,Orange (Alerto)
96.76362094,Orange (Alerto)
95.09678923,Orange (Alerto)
79.98471352,Orange (Alerto)
103.1066104,Orange (Alerto)
74.60847983,Orange (Alerto)
66.87257011,Orange (Alerto)
95.83115519,Orange (Alerto)
75.83321953,Orange (Alerto)
118.9569915,Orange (Alerto)
114.6899126,Orange (Alerto)
100.9564035,Orange (Alerto)
85.00500159,Orange (Alerto)
117.9375103,Orange (Alerto)
121.0244692,Orange (Alerto)
85.04222394,Orange (Alerto)
79.93513875,Orange (Alerto)
110.8423364,Orange (Alerto)
65.71672557,Orange (Alerto)
113.563905,Orange (Alerto)
92.86855713,Orange (Alerto)
65.41586485,Orange (Alerto)
82.69949201,Orange (Alerto)
100.3412056,Orange (Alerto)
108.1275931,Orange (Alerto)
65.15373406,Orange (Alerto)
104.2023255,Orange (Alerto)
64.0317791,Orange (Alerto)
90.99704703,Orange (Alerto)
75.69939682,Orange (Alerto)
76.28494442,Orange (Alerto)
64.53863744,Orange (Alerto)
82.10297351,Orange (Alerto)
64.1112595,Orange (Alerto)
69.1104447,Orange (Alerto)
114.4012426,Orange (Alerto)
101.4465052,Orange (Alerto)
73.94900352,Orange (Alerto)
82.61745777,Orange (Alerto)
87.02359134,Orange (Alerto)
84.70118227,Orange (Alerto)
76.81110634,Orange (Alerto)
109.0054853,Orange (Alerto)
95.76612233,Orange (Alerto)
70.70033509,Orange (Alerto)
74.87959775,Orange (Alerto)
65.6090653,Orange (Alerto)
73.05353969,Orange (Alerto)
88.24326947,Orange (Alerto)
114.7967536,Orange (Alerto)
95.20040513,Orange (Alerto)
109.8433135,Orange (Alerto)
120.3660514,Orange (Alerto)
84.32022748,Orange (Alerto)
68.66511652,Orange (Alerto)
98.42962954,Orange (Alerto)
109.9831426,Orange (Alerto)
117.5560441,Orange (Alerto)
118.3186622,Orange (Alerto)
77.41788754,Orange (Alerto)
100.4737071,Orange (Alerto)
106.3549544,Orange (Alerto)
68.86861542,Orange (Alerto)
71.46510598,Orange (Alerto)
64.11299633,Orange (Alerto)
164.3714661,Red (Lumikas)
164.0348659,Red (Lumikas)
167.2889353,Red (Lumikas)
126.6542609,Red (Lumikas)
134.7065476,Red (Lumikas)
178.7749079,Red (Lumikas)
125.6236106,Red (Lumikas)
144.689901,Red (Lumikas)
134.4639952,Red (Lumikas)
169.837881,Red (Lumikas)
169.6392464,Red (Lumikas)
169.2418346,Red (Lumikas)
128.5809052,Red (Lumikas)
135.7359021,Red (Lumikas)
169.6656229,Red (Lumikas)
136.6657483,Red (Lumikas)
123.0947556,Red (Lumikas)
171.6635621,Red (Lumikas)
131.4968329,Red (Lumikas)
170.4576322,Red (Lumikas)
165.9136488,Red (Lumikas)
179.9339176,Red (Lumikas)
163.0852503,Red (Lumikas)
142.355305,Red (Lumikas)
177.9498234,Red (Lumikas)
173.8208632,Red (Lumikas)
154.9816874,Red (Lumikas)
172.7671697,Red (Lumikas)
182.7636739,Red (Lumikas)
157.9820086,Red (Lumikas)
180.6511211,Red (Lumikas)
179.9129485,Red (Lumikas)
130.617911,Red (Lumikas)
125.2938244,Red (Lumikas)
176.2855329,Red (Lumikas)
136.9060651,Red (Lumikas)
150.9653891,Red (Lumikas)
164.7720103,Red (Lumikas)
154.6339236,Red (Lumikas)
137.6681486,Red (Lumikas)
124.1305312,Red (Lumikas)
156.4758737,Red (Lumikas)
147.2287291,Red (Lumikas)
168.2054999,Red (Lumikas)
137.6840207,Red (Lumikas)
172.7632844,Red (Lumikas)
164.4530163,Red (Lumikas)
162.7233756,Red (Lumikas)
152.6048519,Red (Lumikas)
148.8677929,Red (Lumikas)
158.3133917,Red (Lumikas)
128.5966535,Red (Lumikas)
137.5237863,Red (Lumikas)
176.1303377,Red (Lumikas)
158.4110658,Red (Lumikas)
135.449911,Red (Lumikas)
133.440242,Red (Lumikas)
154.0020722,Red (Lumikas)
174.4473616,Red (Lumikas)
175.7048097,Red (Lumikas)
182.6770312,Red (Lumikas)
158.7716269,Red (Lumikas)
154.273231,Red (Lumikas)
157.0570327,Red (Lumikas)
132.8263775,Red (Lumikas)
152.6362053,Red (Lumikas)
130.8049755,Red (Lumikas)
164.6393236,Red (Lumikas)
167.8501034,Red (Lumikas)
136.6377432,Red (Lumikas)
133.1126719,Red (Lumikas)
123.837939,Red (Lumikas)
167.9994783,Red (Lumikas)
181.1731012,Red (Lumikas)
163.9004623,Red (Lumikas)
171.2044139,Red (Lumikas)
176.5115223,Red (Lumikas)
151.3253633,Red (Lumikas)
163.171394,Red (Lumikas)
135.4919555,Red (Lumikas)
167.3825129,Red (Lumikas)
166.8155041,Red (Lumikas)
137.2406729,Red (Lumikas)
144.1203609,Red (Lumikas)
150.366644,Red (Lumikas)
177.6918554,Red (Lumikas)
172.5167095,Red (Lumikas)
136.7618373,Red (Lumikas)
179.5666969,Red (Lumikas)
175.3737064,Red (Lumikas)
129.9135538,Red (Lumikas)
182.5639059,Red (Lumikas)
132.2476606,Red (Lumikas)
177.7119137,Red (Lumikas)
170.8592147,Red (Lumikas)
144.7622244,Red (Lumikas)
167.2394278,Red (Lumikas)
172.9488465,Red (Lumikas)
173.3595816,Red (Lumikas)
169.6398451,Red (Lumikas)
133.8319548,Red (Lumikas)
134.8242827,Red (Lumikas)
140.7954895,Red (Lumikas)
125.3847107,Red (Lumikas)
140.9950682,Red (Lumikas)
149.3562082,Red (Lumikas)
182.7598661,Red (Lumikas)
166.0621218,Red (Lumikas)
123.4032268,Red (Lumikas)
170.5673127,Red (Lumikas)
153.4063673,Red (Lumikas)
145.9908001,Red (Lumikas)
158.4167226,Red (Lumikas)
148.598389,Red (Lumikas)
139.5212714,Red (Lumikas)
167.5444163,Red (Lumikas)
131.0499489,Red (Lumikas)
126.9641161,Red (Lumikas)
179.8876277,Red (Lumikas)
153.5979905,Red (Lumikas)
128.6917248,Red (Lumikas)
137.0549086,Red (Lumikas)
151.0922621,Red (Lumikas)
162.1395032,Red (Lumikas)
158.6547371,Red (Lumikas)
169.062545,Red (Lumikas)
179.1510469,Red (Lumikas)
142.6548838,Red (Lumikas)
162.5397623,Red (Lumikas)
161.3431627,Red (Lumikas)
142.5497477,Red (Lumikas)
162.8004633,Red (Lumikas)
148.5380706,Red (Lumikas)
175.069408,Red (Lumikas)
174.2015934,Red (Lumikas)
126.0952256,Red (Lumikas)
124.9780768,Red (Lumikas)
182.3828593,Red (Lumikas)
165.5383345,Red (Lumikas)
168.6442035,Red (Lumikas)
130.6002804,Red (Lumikas)
133.4675813,Red (Lumikas)
165.0021128,Red (Lumikas)
152.0498767,Red (Lumikas)
124.3613056,Red (Lumikas)
174.9787194,Red (Lumikas)
174.7564838,Red (Lumikas)
128.2978748,Red (Lumikas)
171.4776506,Red (Lumikas)
161.3336338,Red (Lumikas)
139.718948,Red (Lumikas)
146.0530766,Red (Lumikas)
175.7216639,Red (Lumikas)
159.3288411,Red (Lumikas)
138.0360516,Red (Lumikas)
130.5121806,Red (Lumikas)
180.7219527,Red (Lumikas)
158.7421949,Red (Lumikas)
145.049017,Red (Lumikas)
127.6361533,Red (Lumikas)
132.6243466,Red (Lumikas)
163.7396597,Red (Lumikas)
172.4129411,Red (Lumikas)
139.2472504,Red (Lumikas)
163.8048854,Red (Lumikas)
147.9041117,Red (Lumikas)
134.0639618,Red (Lumikas)
124.8437132,Red (Lumikas)
168.7786401,Red (Lumikas)
150.140956,Red (Lumikas)
155.7911568,Red (Lumikas)
156.2547952,Red (Lumikas)
155.1981181,Red (Lumikas)
124.6946661,Red (Lumikas)
174.7529345,Red (Lumikas)
128.643028,Red (Lumikas)
125.3721036,Red (Lumikas)
171.7849728,Red (Lumikas)
182.081721,Red (Lumikas)
143.7546976,Red (Lumikas)
130.170906,Red (Lumikas)
180.3584206,Red (Lumikas)
135.3843382,Red (Lumikas)
165.6930312,Red (Lumikas)
147.1450274,Red (Lumikas)
162.7563671,Red (Lumikas)
162.7278561,Red (Lumikas)
152.3278138,Red (Lumikas)
132.8915005,Red (Lumikas)
141.5804051,Red (Lumikas)
170.2355456,Red (Lumikas)
130.983993,Red (Lumikas)
180.8449872,Red (Lumikas)
166.9406053,Red (Lumikas)
124.0748242,Red (Lumikas)
144.6992474,Red (Lumikas)
130.7617059,Red (Lumikas)
143.6496653,Red (Lumikas)
172.1149347,Red (Lumikas)
135.0671421,Red (Lumikas)
152.3074898,Red (Lumikas)
171.6342919,Red (Lumikas)
132.5020115,Red (Lumikas)
125.927274,Red (Lumikas)
151.4432751,Red (Lumikas)
142.8675228,Red (Lumikas)
124.7298194,Red (Lumikas)
166.8710588,Red (Lumikas)
159.2866616,Red (Lumikas)
173.8807945,Red (Lumikas)
170.5158559,Red (Lumikas)
133.9945587,Red (Lumikas)
141.7032502,Red (Lumikas)
135.9022919,Red (Lumikas)
123.9007876,Red (Lumikas)
160.645423,Red (Lumikas)
182.9227215,Red (Lumikas)
135.8542546,Red (Lumikas)
150.753631,Red (Lumikas)
146.2457586,Red (Lumikas)
177.3930946,Red (Lumikas)
136.6330408,Red (Lumikas)
127.8934207,Red (Lumikas)
182.6432376,Red (Lumikas)
159.8038232,Red (Lumikas)
182.6605757,Red (Lumikas)
169.609457,Red (Lumikas)
180.8096339,Red (Lumikas)
154.7884719,Red (Lumikas)
179.9739705,Red (Lumikas)
128.8928863,Red (Lumikas)
149.0357793,Red (Lumikas)
128.7652606,Red (Lumikas)
156.2585318,Red (Lumikas)
130.4539281,Red (Lumikas)
182.3066636,Red (Lumikas)
146.1370356,Red (Lumikas)
124.5973448,Red (Lumikas)
171.0831543,Red (Lumikas)
135.4808836,Red (Lumikas)
157.2785156,Red (Lumikas)
143.7497375,Red (Lumikas)
124.4479297,Red (Lumikas)
155.1812614,Red (Lumikas)
125.6518375,Red (Lumikas)
143.4899596,Red (Lumikas)
164.8903025,Red (Lumikas)
154.154268,Red (Lumikas)
129.206436,Red (Lumikas)
137.267383,Red (Lumikas)
163.8335052,Red (Lumikas)
174.5388276,Red (Lumikas)
124.5188484,Red (Lumikas)
138.8228463,Red (Lumikas)
129.902043,Red (Lumikas)
171.8700496,Red (Lumikas)
146.4461562,Red (Lumikas)
130.1630667,Red (Lumikas)
162.7909063,Red (Lumikas)
141.9688344,Red (Lumikas)
142.8783823,Red (Lumikas)
135.7047236,Red (Lumikas)
169.8190306,Red (Lumikas)
139.2464564,Red (Lumikas)
150.2395024,Red (Lumikas)
159.7492495,Red (Lumikas)
152.8115526,Red (Lumikas)
147.1295615,Red (Lumikas)
159.9219009,Red (Lumikas)
154.3971986,Red (Lumikas)
139.0277494,Red (Lumikas)
171.7243496,Red (Lumikas)
131.5881816,Red (Lumikas)
134.799249,Red (Lumikas)
146.974172,Red (Lumikas)
148.6080426,Red (Lumikas)
170.8664639,Red (Lumikas)
160.3294389,Red (Lumikas)
160.0020031,Red (Lumikas)
144.9843382,Red (Lumikas)
124.7002632,Red (Lumikas)
159.7816961,Red (Lumikas)
139.7563257,Red (Lumikas)
130.1462904,Red (Lumikas)
167.7199543,Red (Lumikas)
182.102186,Red (Lumikas)
174.6867602,Red (Lumikas)
124.3216629,Red (Lumikas)
176.2613605,Red (Lumikas)
168.8781399,Red (Lumikas)
163.6304209,Red (Lumikas)
166.1477053,Red (Lumikas)
141.0586501,Red (Lumikas)
146.4473092,Red (Lumikas)
179.635452,Red (Lumikas)
178.4183107,Red (Lumikas)
152.7791768,Red (Lumikas)
131.3689472,Red (Lumikas)
162.4515666,Red (Lumikas)
181.4410693,Red (Lumikas)
158.7686415,Red (Lumikas)
135.591462,Red (Lumikas)
161.6611867,Red (Lumikas)
175.34552,Red (Lumikas)
133.4045153,Red (Lumikas)
152.4043253,Red (Lumikas)
152.6130515,Red (Lumikas)
161.0324658,Red (Lumikas)
153.0921979,Red (Lumikas)
168.0794075,Red (Lumikas)
172.4134929,Red (Lumikas)
162.7930844,Red (Lumikas)
140.0382317,Red (Lumikas)
151.6123536,Red (Lumikas)
151.7126191,Red (Lumikas)
148.8532572,Red (Lumikas)
151.2874661,Red (Lumikas)
157.7456904,Red (Lumikas)
162.1876152,Red (Lumikas)
149.4183088,Red (Lumikas)
168.1155744,Red (Lumikas)
139.0087204,Red (Lumikas)
133.4083188,Red (Lumikas)
163.0224509,Red (Lumikas)
163.5663828,Red (Lumikas)
141.1925921,Red (Lumikas)
134.456489,Red (Lumikas)
170.3811462,Red (Lumikas)
131.1835724,Red (Lumikas)
167.0861626,Red (Lumikas)
178.2472114,Red (Lumikas)
141.1778127,Red (Lumikas)
125.5973291,Red (Lumikas)
134.3849898,Red (Lumikas)
155.5154175,Red (Lumikas)
166.0704184,Red (Lumikas)
154.7821304,Red (Lumikas)
167.8208547,Red (Lumikas)
139.1647773,Red (Lumikas)
182.5403922,Red (Lumikas)
137.9913615,Red (Lumikas)
156.4591601,Red (Lumikas)
173.8802649,Red (Lumikas)
135.75261,Red (Lumikas)
154.1057887,Red (Lumikas)
135.7580785,Red (Lumikas)
171.8990505,Red (Lumikas)
135.9772874,Red (Lumikas)
178.0729411,Red (Lumikas)
178.6480574,Red (Lumikas)
130.772715,Red (Lumikas)
154.3599749,Red (Lumikas)
169.7362215,Red (Lumikas)
135.3114534,Red (Lumikas)
153.7798946,Red (Lumikas)
162.9331213,Red (Lumikas)
159.7461842,Red (Lumikas)
135.4513648,Red (Lumikas)
170.5787063,Red (Lumikas)
125.5533772,Red (Lumikas)
165.3779417,Red (Lumikas)
172.5743361,Red (Lumikas)
139.5407317,Red (Lumikas)
127.2618781,Red (Lumikas)
169.4626799,Red (Lumikas)
170.3910249,Red (Lumikas)
146.8116739,Red (Lumikas)
170.0466949,Red (Lumikas)
165.4634272,Red (Lumikas)
160.650931,Red (Lumikas)
180.6260559,Red (Lumikas)
168.7361499,Red (Lumikas)
154.8349046,Red (Lumikas)
149.6011285,Red (Lumikas)
129.3044229,Red (Lumikas)
143.2899058,Red (Lumikas)
182.8786139,Red (Lumikas)
138.1489124,Red (Lumikas)
163.400839,Red (Lumikas)
150.5602583,Red (Lumikas)
170.1595283,Red (Lumikas)
176.7828814,Red (Lumikas)
146.9470415,Red (Lumikas)
129.1215203,Red (Lumikas)
181.3069826,Red (Lumikas)
137.0162688,Red (Lumikas)
128.5264161,Red (Lumikas)
142.0296792,Red (Lumikas)
171.8177204,Red (Lumikas)
123.9865128,Red (Lumikas)
125.5204031,Red (Lumikas)
144.6701319,Red (Lumikas)
168.6039977,Red (Lumikas)
176.60155,Red (Lumikas)
127.2309567,Red (Lumikas)
150.5361574,Red (Lumikas)
133.3360045,Red (Lumikas)
140.0952632,Red (Lumikas)
173.3597229,Red (Lumikas)
156.0369258,Red (Lumikas)
127.3512625,Red (Lumikas)
162.0999203,Red (Lumikas)
156.0452104,Red (Lumikas)
180.032735,Red (Lumikas)
180.9523511,Red (Lumikas)
155.1684266,Red (Lumikas)
140.4943439,Red (Lumikas)
134.1263184,Red (Lumikas)
170.4533127,Red (Lumikas)
159.515079,Red (Lumikas)
130.0406223,Red (Lumikas)
140.042508,Red (Lumikas)
138.2644998,Red (Lumikas)
157.2600032,Red (Lumikas)
145.8916154,Red (Lumikas)
168.1621466,Red (Lumikas)
125.4300338,Red (Lumikas)
134.6387814,Red (Lumikas)
154.1178108,Red (Lumikas)
181.0037544,Red (Lumikas)
153.4125107,Red (Lumikas)
148.1000763,Red (Lumikas)
134.719047,Red (Lumikas)
146.8351204,Red (Lumikas)
148.5341722,Red (Lumikas)
165.4928172,Red (Lumikas)
163.5583002,Red (Lumikas)
166.5671545,Red (Lumikas)
153.401538,Red (Lumikas)
140.4794433,Red (Lumikas)
153.2808951,Red (Lumikas)
177.9050567,Red (Lumikas)
136.995835,Red (Lumikas)
166.6949036,Red (Lumikas)
172.367195,Red (Lumikas)
169.787932,Red (Lumikas)
133.4231994,Red (Lumikas)
159.3833612,Red (Lumikas)
157.8512073,Red (Lumikas)
154.2006214,Red (Lumikas)
132.4938934,Red (Lumikas)
164.326933,Red (Lumikas)
174.9337096,Red (Lumikas)
142.4880137,Red (Lumikas)
149.4375865,Red (Lumikas)
123.2327578,Red (Lumikas)
182.7163175,Red (Lumikas)
133.7324368,Red (Lumikas)
131.9170645,Red (Lumikas)
138.3191002,Red (Lumikas)
170.9183468,Red (Lumikas)
153.6605122,Red (Lumikas)
142.1740273,Red (Lumikas)
172.0537194,Red (Lumikas)
142.9685543,Red (Lumikas)
177.063559,Red (Lumikas)
139.5802586,Red (Lumikas)
138.299589,Red (Lumikas)
179.1814678,Red (Lumikas)
168.9375982,Red (Lumikas)
171.127813,Red (Lumikas)
126.0138267,Red (Lumikas)
126.9847327,Red (Lumikas)
169.7505449,Red (Lumikas)
158.3265043,Red (Lumikas)
180.8480119,Red (Lumikas)
146.7585564,Red (Lumikas)
138.3602153,Red (Lumikas)
156.1911913,Red (Lumikas)
151.730063,Red (Lumikas)
154.3583425,Red (Lumikas)
153.0267978,Red (Lumikas)
142.2649558,Red (Lumikas)
148.5716174,Red (Lumikas)
149.2755233,Red (Lumikas)
134.4514606,Red (Lumikas)
135.394435,Red (Lumikas)
128.7909471,Red (Lumikas)
142.1299486,Red (Lumikas)
145.2899511,Red (Lumikas)
130.7848175,Red (Lumikas)
145.2933606,Red (Lumikas)
131.6939572,Red (Lumikas)
168.5251384,Red (Lumikas)
178.6381814,Red (Lumikas)
158.1638837,Red (Lumikas)
181.5861131,Red (Lumikas)
175.6794761,Red (Lumikas)
126.6826261,Red (Lumikas)
151.7819179,Red (Lumikas)
169.4212769,Red (Lumikas)
155.6457578,Red (Lumikas)
128.7738211,Red (Lumikas)
138.1539643,Red (Lumikas)
181.9666255,Red (Lumikas)
173.3640875,Red (Lumikas)
164.9016717,Red (Lumikas)
165.6149619,Red (Lumikas)
175.509506,Red (Lumikas)
123.402121,Red (Lumikas)
157.3781646,Red (Lumikas)
134.0569884,Red (Lumikas)
149.4802174,Red (Lumikas)
161.6155835,Red (Lumikas)
126.7369312,Red (Lumikas)
153.2359638,Red (Lumikas)
168.8757264,Red (Lumikas)
148.5905099,Red (Lumikas)
128.3011683,Red (Lumikas)
166.5670036,Red (Lumikas)
167.2928428,Red (Lumikas)
132.6688245,Red (Lumikas)
160.2109414,Red (Lumikas)
133.7676032,Red (Lumikas)
172.8759056,Red (Lumikas)
158.7783811,Red (Lumikas)
149.6701528,Red (Lumikas)
127.467393,Red (Lumikas)
178.884533,Red (Lumikas)
139.1869649,Red (Lumikas)
182.2692165,Red (Lumikas)
149.3618923,Red (Lumikas)
123.7050937,Red (Lumikas)
160.9395487,Red (Lumikas)
141.4081887,Red (Lumikas)
136.751606,Red (Lumikas)
143.4986206,Red (Lumikas)
177.3360978,Red (Lumikas)
129.5253714,Red (Lumikas)
181.9755301,Red (Lumikas)
172.1983634,Red (Lumikas)
136.3119436,Red (Lumikas)
137.8447705,Red (Lumikas)
123.2412006,Red (Lumikas)
153.90351,Red (Lumikas)
159.7592922,Red (Lumikas)
166.4973486,Red (Lumikas)
131.529666,Red (Lumikas)
124.9942738,Red (Lumikas)
147.3436898,Red (Lumikas)
166.687007,Red (Lumikas)
161.6612219,Red (Lumikas)
148.0609086,Red (Lumikas)
177.4449622,Red (Lumikas)
177.4952966,Red (Lumikas)
141.4159972,Red (Lumikas)
174.5123998,Red (Lumikas)
153.8108885,Red (Lumikas)
181.6077322,Red (Lumikas)
150.1662435,Red (Lumikas)
173.3495713,Red (Lumikas)
142.4085498,Red (Lumikas)
149.9947502,Red (Lumikas)
167.0709671,Red (Lumikas)
123.8732744,Red (Lumikas)
161.3426715,Red (Lumikas)
148.0834238,Red (Lumikas)
125.1231594,Red (Lumikas)
153.4147781,Red (Lumikas)
161.232643,Red (Lumikas)
144.0373273,Red (Lumikas)
176.7925709,Red (Lumikas)
143.2623053,Red (Lumikas)
151.8750356,Red (Lumikas)
161.2820447,Red (Lumikas)
158.485176,Red (Lumikas)
166.3956147,Red (Lumikas)
177.4736812,Red (Lumikas)
174.0592949,Red (Lumikas)
125.9366736,Red (Lumikas)
161.2157314,Red (Lumikas)
141.0574958,Red (Lumikas)
149.6078934,Red (Lumikas)
167.0239029,Red (Lumikas)
156.0753152,Red (Lumikas)
140.0853828,Red (Lumikas)
140.1538149,Red (Lumikas)
152.3419009,Red (Lumikas)
175.2709837,Red (Lumikas)
145.5512368,Red (Lumikas)
130.4897357,Red (Lumikas)
152.6722978,Red (Lumikas)
142.2751872,Red (Lumikas)
163.7627399,Red (Lumikas)
150.8620768,Red (Lumikas)
163.7417162,Red (Lumikas)
161.4628065,Red (Lumikas)
123.2541631,Red (Lumikas)
173.0613457,Red (Lumikas)
182.5297787,Red (Lumikas)
161.5121676,Red (Lumikas)
129.9203905,Red (Lumikas)
132.4133346,Red (Lumikas)
174.4524255,Red (Lumikas)
152.8626535,Red (Lumikas)
125.5581186,Red (Lumikas)
126.5411971,Red (Lumikas)
143.0862575,Red (Lumikas)
158.5871108,Red (Lumikas)
157.6832155,Red (Lumikas)
133.9356276,Red (Lumikas)
139.7971026,Red (Lumikas)
125.8496006,Red (Lumikas)
157.3745294,Red (Lumikas)
125.0260892,Red (Lumikas)
151.8631243,Red (Lumikas)
176.5798114,Red (Lumikas)
167.8924599,Red (Lumikas)
142.7640772,Red (Lumikas)
154.4163274,Red (Lumikas)
129.611023,Red (Lumikas)
163.1291168,Red (Lumikas)
131.4661672,Red (Lumikas)
143.9130983,Red (Lumikas)
123.9578848,Red (Lumikas)
133.3943033,Red (Lumikas)
127.4831464,Red (Lumikas)
134.9189529,Red (Lumikas)
180.8553304,Red (Lumikas)
138.1750567,Red (Lumikas)
158.2753486,Red (Lumikas)
181.7181981,Red (Lumikas)
167.4085937,Red (Lumikas)
178.6799322,Red (Lumikas)
158.2924105,Red (Lumikas)
158.9610526,Red (Lumikas)
142.4227949,Red (Lumikas)
134.6265538,Red (Lumikas)
127.2633592,Red (Lumikas)
125.4474068,Red (Lumikas)
152.4440793,Red (Lumikas)
123.3574965,Red (Lumikas)
153.2487861,Red (Lumikas)
143.0915579,Red (Lumikas)
163.3205494,Red (Lumikas)
145.6079859,Red (Lumikas)
165.3671089,Red (Lumikas)
160.2739091,Red (Lumikas)
144.4795819,Red (Lumikas)
146.8384316,Red (Lumikas)
154.0213156,Red (Lumikas)
137.347793,Red (Lumikas)
155.7431566,Red (Lumikas)
147.3185909,Red (Lumikas)
146.8853349,Red (Lumikas)
148.2338535,Red (Lumikas)
139.555636,Red (Lumikas)
137.6507548,Red (Lumikas)
123.8789168,Red (Lumikas)
131.6298083,Red (Lumikas)
153.7068089,Red (Lumikas)
152.6068597,Red (Lumikas)
124.7953726,Red (Lumikas)
151.0190504,Red (Lumikas)
153.7722593,Red (Lumikas)
157.5656354,Red (Lumikas)
138.6056285,Red (Lumikas)
163.0682395,Red (Lumikas)
146.1410715,Red (Lumikas)
139.4528171,Red (Lumikas)
175.1531694,Red (Lumikas)
140.1023641,Red (Lumikas)
160.5720849,Red (Lumikas)
155.1899589,Red (Lumikas)
149.9366969,Red (Lumikas)
147.6044163,Red (Lumikas)
150.6976245,Red (Lumikas)
147.2031553,Red (Lumikas)
178.6449217,Red (Lumikas)
159.5561022,Red (Lumikas)
172.9434467,Red (Lumikas)
132.962183,Red (Lumikas)
147.0244468,Red (Lumikas)
148.7906178,Red (Lumikas)
170.7938644,Red (Lumikas)
173.4110352,Red (Lumikas)
134.857143,Red (Lumikas)
137.4887669,Red (Lumikas)
175.2038009,Red (Lumikas)
143.0518145,Red (Lumikas)
152.9539537,Red (Lumikas)
145.4278166,Red (Lumikas)
141.8059575,Red (Lumikas)
168.8372103,Red (Lumikas)
147.1875809,Red (Lumikas)
129.1585301,Red (Lumikas)
153.2324908,Red (Lumikas)
125.5392907,Red (Lumikas)
171.3543217,Red (Lumikas)
133.3259968,Red (Lumikas)
178.4607192,Red (Lumikas)
147.8756743,Red (Lumikas)
134.3446635,Red (Lumikas)
130.4426138,Red (Lumikas)
145.4436543,Red (Lumikas)
141.6550997,Red (Lumikas)
154.6555029,Red (Lumikas)
159.8809465,Red (Lumikas)
153.0732638,Red (Lumikas)
130.3541129,Red (Lumikas)
128.7843861,Red (Lumikas)
156.8665187,Red (Lumikas)
147.9919694,Red (Lumikas)
158.907747,Red (Lumikas)
166.1565823,Red (Lumikas)
136.1714635,Red (Lumikas)
126.5471232,Red (Lumikas)
179.0870707,Red (Lumikas)
175.8121341,Red (Lumikas)
138.6170389,Red (Lumikas)
127.5980007,Red (Lumikas)
132.5084444,Red (Lumikas)
164.5734865,Red (Lumikas)
181.7121698,Red (Lumikas)
161.7154158,Red (Lumikas)
178.7673775,Red (Lumikas)
172.0347653,Red (Lumikas)
174.305869,Red (Lumikas)
167.9824884,Red (Lumikas)
131.2499099,Red (Lumikas)
146.6542721,Red (Lumikas)
144.3447071,Red (Lumikas)
179.8924113,Red (Lumikas)
169.2464535,Red (Lumikas)
155.098115,Red (Lumikas)
169.9442475,Red (Lumikas)
180.0591825,Red (Lumikas)
131.1156974,Red (Lumikas)
149.0082705,Red (Lumikas)
132.7877285,Red (Lumikas)
126.5382265,Red (Lumikas)
145.9531188,Red (Lumikas)
171.3468789,Red (Lumikas)
129.3462072,Red (Lumikas)
154.0414319,Red (Lumikas)
126.5838911,Red (Lumikas)
154.1919426,Red (Lumikas)
151.6222491,Red (Lumikas)
158.3686181,Red (Lumikas)
131.1090376,Red (Lumikas)
162.9733213,Red (Lumikas)
141.0189858,Red (Lumikas)
153.9458602,Red (Lumikas)
166.2669974,Red (Lumikas)
127.5576312,Red (Lumikas)
123.8913229,Red (Lumikas)
149.3041867,Red (Lumikas)
133.7495374,Red (Lumikas)
170.5503393,Red (Lumikas)
124.2701113,Red (Lumikas)
160.4353463,Red (Lumikas)
145.0436179,Red (Lumikas)
169.4407672,Red (Lumikas)
174.5923179,Red (Lumikas)
171.4632344,Red (Lumikas)
166.3262418,Red (Lumikas)
134.7417964,Red (Lumikas)
139.3812047,Red (Lumikas)
147.18415,Red (Lumikas)
145.2888011,Red (Lumikas)
141.004421,Red (Lumikas)
175.2939721,Red (Lumikas)
148.2997208,Red (Lumikas)
180.732292,Red (Lumikas)
133.9525637,Red (Lumikas)
134.1885382,Red (Lumikas)
162.0704265,Red (Lumikas)
171.611076,Red (Lumikas)
180.2658268,Red (Lumikas)
178.0172305,Red (Lumikas)
174.5207051,Red (Lumikas)
140.2552409,Red (Lumikas)
142.8794824,Red (Lumikas)
131.925598,Red (Lumikas)
179.2958782,Red (Lumikas)
160.9795619,Red (Lumikas)
153.7509809,Red (Lumikas)
128.4313136,Red (Lumikas)
152.644549,Red (Lumikas)
133.3550814,Red (Lumikas)
131.7440258,Red (Lumikas)
179.4654294,Red (Lumikas)
127.749907,Red (Lumikas)
127.2734634,Red (Lumikas)
181.5739896,Red (Lumikas)
132.8382818,Red (Lumikas)
126.2840693,Red (Lumikas)
165.6791616,Red (Lumikas)
141.0922335,Red (Lumikas)
161.6855404,Red (Lumikas)
164.1316727,Red (Lumikas)
156.2105347,Red (Lumikas)
168.9278243,Red (Lumikas)
172.6525005,Red (Lumikas)
143.4252957,Red (Lumikas)
139.8956072,Red (Lumikas)
140.7696813,Red (Lumikas)
135.2709728,Red (Lumikas)
178.186403,Red (Lumikas)
170.6561975,Red (Lumikas)
166.675432,Red (Lumikas)
139.261524,Red (Lumikas)
167.3355076,Red (Lumikas)
152.6833578,Red (Lumikas)
130.4218464,Red (Lumikas)
177.1721968,Red (Lumikas)
137.3823159,Red (Lumikas)
138.0294551,Red (Lumikas)
137.6727922,Red (Lumikas)
162.1076055,Red (Lumikas)
138.9206223,Red (Lumikas)
138.5058438,Red (Lumikas)
170.2403616,Red (Lumikas)
160.3863472,Red (Lumikas)
140.3274995,Red (Lumikas)
161.793835,Red (Lumikas)
145.9653423,Red (Lumikas)
173.6246421,Red (Lumikas)
143.7328245,Red (Lumikas)
133.1137759,Red (Lumikas)
160.5977076,Red (Lumikas)
130.3905278,Red (Lumikas)
145.8672171,Red (Lumikas)
163.8882519,Red (Lumikas)
158.1034306,Red (Lumikas)
176.9019156,Red (Lumikas)
153.6950446,Red (Lumikas)
168.8817634,Red (Lumikas)
146.60545,Red (Lumikas)
165.9391454,Red (Lumikas)
180.529596,Red (Lumikas)
172.477023,Red (Lumikas)
177.223845,Red (Lumikas)
123.4591185,Red (Lumikas)
123.4952856,Red (Lumikas)
167.5253022,Red (Lumikas)
150.8307344,Red (Lumikas)
134.4615473,Red (Lumikas)
171.650799,Red (Lumikas)
176.8208345,Red (Lumikas)
163.4842331,Red (Lumikas)
172.5618652,Red (Lumikas)
150.1369504,Red (Lumikas)
134.5472021,Red (Lumikas)
178.1937668,Red (Lumikas)
160.1493683,Red (Lumikas)
164.5258728,Red (Lumikas)
157.2707717,Red (Lumikas)
162.5667053,Red (Lumikas)
126.6316698,Red (Lumikas)
178.3635097,Red (Lumikas)
156.6761949,Red (Lumikas)
145.6855763,Red (Lumikas)
165.9579556,Red (Lumikas)
156.1827404,Red (Lumikas)
171.4439078,Red (Lumikas)
160.4284421,Red (Lumikas)
151.0694856,Red (Lumikas)
158.0341379,Red (Lumikas)
169.9096988,Red (Lumikas)
173.9306469,Red (Lumikas)
134.0243909,Red (Lumikas)
160.0787408,Red (Lumikas)
131.1572349,Red (Lumikas)
156.3617819,Red (Lumikas)
159.5557126,Red (Lumikas)
162.2790844,Red (Lumikas)
135.7231118,Red (Lumikas)
166.5764928,Red (Lumikas)
128.4268634,Red (Lumikas)
151.8105474,Red (Lumikas)
181.4023622,Red (Lumikas)
144.2229715,Red (Lumikas)
178.0570449,Red (Lumikas)
182.2293152,Red (Lumikas)
173.2483239,Red (Lumikas)
123.4458489,Red (Lumikas)
167.4903046,Red (Lumikas)
123.0737472,Red (Lumikas)
165.1373993,Red (Lumikas)
175.8954394,Red (Lumikas)
148.0639569,Red (Lumikas)
174.465118,Red (Lumikas)
173.1968735,Red (Lumikas)
152.7813761,Red (Lumikas)
147.6326475,Red (Lumikas)
152.9096718,Red (Lumikas)
166.6710205,Red (Lumikas)
151.6461824,Red (Lumikas)
151.8964726,Red (Lumikas)
146.8969656,Red (Lumikas)
145.028776,Red (Lumikas)
131.6317554,Red (Lumikas)
167.8846454,Red (Lumikas)
166.4220961,Red (Lumikas)
147.4582352,Red (Lumikas)
149.2123882,Red (Lumikas)
172.5014621,Red (Lumikas)
152.2063402,Red (Lumikas)
148.8716083,Red (Lumikas)
126.0174925,Red (Lumikas)
175.2779965,Red (Lumikas)
158.1167701,Red (Lumikas)
178.337731,Red (Lumikas)
144.3747096,Red (Lumikas)
182.0029853,Red (Lumikas)
123.2406965,Red (Lumikas)
127.389211,Red (Lumikas)
151.0854942,Red (Lumikas)
124.1652721,Red (Lumikas)
130.0085874,Red (Lumikas)
158.8904476,Red (Lumikas)
169.7491156,Red (Lumikas)
144.2549714,Red (Lumikas)
136.8624363,Red (Lumikas)
140.7300515,Red (Lumikas)
152.6530848,Red (Lumikas)
140.3756555,Red (Lumikas)
182.1609983,Red (Lumikas)
156.8639385,Red (Lumikas)
180.1652901,Red (Lumikas)
170.6921888,Red (Lumikas)
132.925211,Red (Lumikas)
155.0710179,Red (Lumikas)
133.5854058,Red (Lumikas)
128.431347,Red (Lumikas)
155.8440027,Red (Lumikas)
130.808767,Red (Lumikas)
138.105825,Red (Lumikas)
175.3924798,Red (Lumikas)
179.1495554,Red (Lumikas)
125.5261727,Red (Lumikas)
174.675722,Red (Lumikas)
160.5197891,Red (Lumikas)
169.0140422,Red (Lumikas)
152.514047,Red (Lumikas)
132.9223348,Red (Lumikas)
171.8597956,Red (Lumikas)
130.7329047,Red (Lumikas)
136.8206485,Red (Lumikas)
161.6529053,Red (Lumikas)
178.2502111,Red (Lumikas)
159.970341,Red (Lumikas)
128.8190617,Red (Lumikas)
177.8430021,Red (Lumikas)
181.2657758,Red (Lumikas)
163.6656956,Red (Lumikas)
128.943678,Red (Lumikas)
140.0564812,Red (Lumikas)
142.9997255,Red (Lumikas)
150.6815522,Red (Lumikas)
161.34942,Red (Lumikas)
130.0345931,Red (Lumikas)
132.3282209,Red (Lumikas)
161.1765584,Red (Lumikas)
124.8907736,Red (Lumikas)
173.3445951,Red (Lumikas)
133.775636,Red (Lumikas)
125.2497433,Red (Lumikas)
155.0941142,Red (Lumikas)
145.211703,Red (Lumikas)
175.637905,Red (Lumikas)
139.3751085,Red (Lumikas)
131.6314407,Red (Lumikas)
127.6670326,Red (Lumikas)
131.4114562,Red (Lumikas)
180.3658048,Red (Lumikas)
147.0940679,Red (Lumikas)
169.3519942,Red (Lumikas)
170.8789002,Red (Lumikas)
158.2185916,Red (Lumikas)
137.4280305,Red (Lumikas)
134.1852422,Red (Lumikas)
164.7599027,Red (Lumikas)
176.3499517,Red (Lumikas)
177.3128157,Red (Lumikas)
160.6348567,Red (Lumikas)
127.4140292,Red (Lumikas)
175.9563558,Red (Lumikas)
126.0795068,Red (Lumikas)
177.979077,Red (Lumikas)
134.5920196,Red (Lumikas)
180.0696388,Red (Lumikas)
162.1224543,Red (Lumikas)
168.5879058,Red (Lumikas)
166.1121102,Red (Lumikas)
173.8945092,Red (Lumikas)
150.3869143,Red (Lumikas)
158.895172,Red (Lumikas)
139.7287052,Red (Lumikas)
133.2285008,Red (Lumikas)
148.5885346,Red (Lumikas)
148.0220976,Red (Lumikas)
151.429221,Red (Lumikas)
160.1524702,Red (Lumikas)
162.0144678,Red (Lumikas)
147.120063,Red (Lumikas)
132.7392809,Red (Lumikas)
123.130954,Red (Lumikas)
154.079621,Red (Lumikas)
